Sheet,Location,Area/Category,Product Type,Product/Colour,Size,Finish,Thickness,A Faces,B Faces,Extra A,Extra B,Total,Product No,Description,Pre-Cut,Notes
Product Panels,Room 4,Slab 1,Sintered Slab,Onyx Halo,160 x 320 cm,Honed,12 mm,1,0,0,0,1,8000-0467-1,162 x 322 cm / 64 x 127 in Onyx Halo Block 44 Bookmatch Cut Honed Colorsync Sintered Slab 12 mm / 0.47 in,,sıralama soldan sağa doğru 12 mm lik slabler en dışta / kalacak şekilde yerleşmeli
Product Panels,Room 4,Slab 2,Sintered Slab,Monoforma Silhouette,160 x 320 cm,Polished,12 mm,1,0,0,0,1,8000-0521-1,162 x 322 cm / 64 x 127 in Monoforma Silhouette Polished Unglazed Sintered Slab 12 mm / 0.47 in,,sample eksik ( silk)
Product Panels,Room 4,Slab 3,Sintered Slab,Armani Noir,160 x 320 cm,Honed,6 mm,1,0,0,0,1,8000-0186-0,160 x 320 cm / 63 x 126 in Armani Noir Block 17 Bookmatch Cut Honed Rectified Colorsync Sintered Slab 6 mm / 0.24 in,,sample eksik ( polished))
Product Panels,Room 4,Slab 4,Sintered Slab,Calacatta Carrara,160 x 320 cm,Honed,6 mm,1,0,0,0,1,8000-0046-0,160 x 320 cm / 63 x 126 in Calacatta Carrara Block 23 Bookmatch Cut Honed Rectified Colorsync Sintered Slab 6 mm / 0.24 in,,
Product Panels,Room 4,Slab 5,Sintered Slab,Fusion White,160 x 320 cm,Honed,6 mm,1,0,0,0,1,8000-0246-0,160 x 320 cm / 63 x 126 in Fusion White Block 27 Bookmatch Cut Honed Rectified Colorsync Sintered Slab 6 mm / 0.24 in,,
Product Panels,Room 4,Slab 6,Sintered Slab,Publica Thunder,160 x 320 cm,Organic Matte,6 mm,1,0,0,0,1,8000-0565-0,160 x 320 cm / 63 x 126 in Publica Thunder Organic Matte Rectified Colorsync Sintered Slab 6 mm / 0.24 in,,"patinated 160 x 320 , sample organic matte"
Product Panels,Room 4,Slab 7,Sintered Slab,Nero Marquina,160 x 320 cm,Polished,6 mm,1,0,0,0,1,8000-0268-1,160 x 320 cm / 63 x 126 in Nero Marquina Block 26 Bookmatch Cut Polished Rectified Colorsync Sintered Slab 6 mm / 0.24 in,,
Product Panels,Room 4,Slab 8,Sintered Slab,Montagna Jade,162 x 322 cm,Honed,6 mm,1,0,0,0,1,8000-0262-0,160 x 320 cm / 63 x 126 in Montagna Jade Block 14 Bookmatch Cut Honed Rectified Colorsync Sintered Slab 6 mm / 0.24 in,,
Product Panels,Room 4,Slab 9,Sintered Slab,Serena Flint,160 x 320 cm,Honed,6 mm,1,0,0,0,1,8000-0543-1,160 x 320 cm / 63 x 126 in Serena Flint Honed Rectified Colorsync Sintered Slab 6 mm / 0.24 in,,
Product Panels,Room 4,Slab 10,Sintered Slab,Travertino Titanium,160 x 320 cm,Grained,6 mm,1,0,0,0,1,8000-0538-0,160 x 320 cm / 63 x 126 in Travertino Titanium Grained Rectified Colorsync Sintered Slab 6 mm / 0.24 in,,
Product Panels,Room 4,Slab 11,Sintered Slab,Super White,160 x 320 cm,Honed,6 mm,1,0,0,0,1,8000-0294-0,160 x 320 cm / 63 x 126 in Super White Block 28 Bookmatch Cut Honed Rectified Colorsync Sintered Slab 6 mm / 0.24 in,,
Product Panels,Room 4,Slab 12,Sintered Slab,Publica Terrain,160 x 320 cm,Patinated,6 mm,1,0,0,0,1,8000-0562-0,160 x 320 cm / 63 x 126 in Publica Terrain Patinated Rectified Colorsync Sintered Slab 6 mm / 0.24 in,,
Product Panels,Room 4,Slab 13,Sintered Slab,Cristallo,160 x 320 cm,Polished,6 mm,1,0,0,0,1,8000-0232-0,160 x 320 cm / 63 x 126 in Cristallo Block 13 Bookmatch Cut Polished Rectified Colorsync Sintered Slab 6 mm / 0.24 in,,
Product Panels,Room 4,Slab 14,Sintered Slab,Calacatta Viola,160 x 320 cm,Polished,6 mm,1,0,0,0,1,8000-0048-0,160 x 320 cm / 63 x 126 in Calacatta Viola Block 41 Bookmatch Cut Polished Rectified Colorsync Sintered Slab 6 mm / 0.24 in,,
Product Panels,Room 4,Slab 15,Sintered Slab,Publica Horizon,160 x 320 cm,Patinated,6 mm,1,0,0,0,1,8000-0560-0,160 x 320 cm / 63 x 126 in Publica Horizon Patinated Rectified Colorsync Sintered Slab 6 mm / 0.24 in,,
Product Panels,Room 4,Slab 16,Sintered Slab,French Vanilla,160 x 320 cm,Polished,6 mm,1,0,0,0,1,8000-0529-0,160 x 320 cm / 63 x 126 in French Vanilla Polished Rectified Colorsync Sintered Slab 6 mm / 0.24 in,,
Product Panels,Room 4,Slab 17,Sintered Slab,Serena Crater,160 x 320 cm,Honed,6 mm,1,0,0,0,1,8000-0541-1,160 x 320 cm / 63 x 126 in Serena Crater Honed Rectified Colorsync Sintered Slab 6 mm / 0.24 in,,
Product Panels,Room 4,Slab 18,Sintered Slab,Marina White,160 x 320 cm,Polished,6 mm,1,0,0,0,1,8000-0256-0,160 x 320 cm / 63 x 126 in Marina White Block 46 Bookmatch Cut Polished Rectified Colorsync Sintered Slab 6 mm / 0.24 in,,
Product Panels,Room 4,Slab 19,Sintered Slab,Lithoform Crosscut Dunes,160 x 320 cm,Vintage,6 mm,1,0,0,0,1,8000-0549-0,160 x 320 cm / 63 x 126 in Lithoform Crosscut Dunes Vintage Rectified Colorsync Sintered Slab 6 mm / 0.24 in,,
Product Panels,Room 4,Slab 20,Sintered Slab,Travertino Classico,160 x 320 cm,Grained,6 mm,1,0,0,0,1,8000-0577-0,160 x 320 cm / 63 x 126 in Travertino Classico Grained Rectified Colorsync Sintered Slab 6 mm / 0.24 in,,
Product Panels,Room 4,Slab 21,Sintered Slab,Taj Mahal,160 x 320 cm,Honed,6 mm,1,0,0,0,1,8000-0599-0,160 x 320 cm / 63 x 126 in Taj Mahal Honed Rectified Colorsync Sintered Slab 6 mm / 0.24 in,,
Product Panels,Room 4,Slab 22,Sintered Slab,Monoforma Storm,160 x 320 cm,Polished,12 mm,1,0,0,0,1,8000-0519-1,162 x 322 cm / 64 x 127 in Monoforma Storm Polished Unglazed Sintered Slab 12 mm / 0.47 in,,sample eksik ( silk)
Product Panels,Room 4,Slab 23,Sintered Slab,Colorado Lincoln,160 x 320 cm,Polished,12 mm,1,0,0,0,1,8000-0463-1,162 x 322 cm / 64 x 127 in Colorado Lincoln Block 81 Bookmatch Cut Polished ColorsyncSintered Slab 12 mm / 0.47 in,,
Product Panels,Room 4,Slab 24,Sintered Slab,Calacatta Noir,160 x 320 cm,Satin,12 mm,1,0,0,0,1,8000-0476-1,162 x 322 cm / 64 x 127 in Calacatta Noir Block 34 Bookmatch Cut Satin Colorsync Sintered Slab 12 mm / 0.47 in,,
Product Panels,Room 5,Mini Slab 01,Sintered Slab,Lithoform Crosscut Twilight,120 x 280 cm,Honed,6 mm,1,0,0,0,1,8500-0089-0,120 x 280 cm / 48 x 110 in Lithoform Crosscut Twilight Honed Rectified Colorsync Sintered Slab 6 mm / 0.24 in,,sıralama soldan sağa doğru / olacak şekilde slabler yerleşmeli
Product Panels,Room 5,Mini Slab 02,Sintered Slab,Lithoform Veincut Twilight,120 x 280 cm,Honed,6 mm,1,0,0,0,1,8500-0101-0,120 x 280 cm / 48 x 110 in Lithoform Veincut Twilight Honed Rectified Colorsync Sintered Slab 6 mm / 0.24 in,,
Product Panels,Room 5,Mini Slab 03,Sintered Slab,Lustra Onyx Feather,120 x 280 cm,Polished,6 mm,1,0,0,0,1,8500-0686-0,120 x 280 cm / 48 x 110 in Lustra Onyx Feather Polished Rectified Colorsync Porcelain Slab 6 mm / 0.24 in,,sample eksik ( honed)
Product Panels,Room 5,Mini Slab 04,Sintered Slab,Majesto Arabescato Corchia,120 x 280 cm,Honed,6 mm,1,0,0,0,1,8500-0013-1,120 x 280 cm / 48 x 110 in Majesto Arabescato Corchia Honed Rectified Colorsync Sintered Slab 6 mm / 0.24 in,,
Product Panels,Room 5,Mini Slab 05,Sintered Slab,Majesto Atlantic Ocean,120 x 280 cm,Polished,6 mm,1,0,0,0,1,8500-0053-0,120 x 280 cm / 48 x 110 in Majesto Atlantic Ocean Polished Rectified Colorsync Sintered Slab 6 mm / 0.24 in,,
Product Panels,Room 5,Mini Slab 06,Sintered Slab,Majesto Bianco Dior,120 x 280 cm,Polished,6 mm,1,0,0,0,1,8500-0046-0,120 x 280 cm / 48 x 110 in Majesto Bianco Dior Bookmatch Cut Polished Rectified Colorsync Sintered Slab 6 mm / 0.24 in,,
Product Panels,Room 5,Mini Slab 07,Sintered Slab,Majesto Calacatta Borghini,120 x 280 cm,Honed,6 mm,1,0,0,0,1,8500-0033-1,120 x 280 cm / 48 x 110 in Majesto Calacatta Borghini Honed Rectified Colorsync Sintered Slab 6 mm / 0.24 in,,"sample eksik ( satin , vintage)"
Product Panels,Room 5,Mini Slab 08,Sintered Slab,Majesto Calacatta Corchia,120 x 280 cm,Polished,6 mm,1,0,0,0,1,8500-0018-0,120 x 280 cm / 48 x 110 in Majesto Calacatta Corchia Polished Rectified Colorsync Sintered Slab 6 mm / 0.24 in,,sample eksik ( satin )
Product Panels,Room 5,Mini Slab 09,Sintered Slab,Serena Pewter,120 x 280 cm,Honed,6 mm,1,0,0,0,1,8500-0074-0,120 x 280 cm / 48 x 110 in Serena Pewter Honed Rectified Colorsync Sintered Slab 6 mm / 0.24 in,,
Product Panels,Room 5,Mini Slab 10,Sintered Slab,Majesto Verdi Alpi,120 x 280 cm,Honed,6 mm,1,0,0,0,1,8500-0041-1,120 x 280 cm / 48 x 110 in Majesto Verdi Alpi Honed Rectified Colorsync Sintered Slab 6 mm / 0.24 in,,
Product Panels,Room 5,Mini Slab 12,Sintered Slab,Majesto Crystal Bianco,120 x 280 cm,Honed,6 mm,1,0,0,0,1,8500-0057-1,120 x 280 cm / 48 x 110 in Majesto Crystal Bianco Honed Rectified Colorsync Sintered Slab 6 mm / 0.24 in,,
Product Panels,Room 5,Mini Slab 11,Sintered Slab,Lustra Onyx Sage,120 x 280 cm,Polished,6 mm,1,0,0,0,1,8500-0064-0,120 x 280 cm / 48 x 110 in Lustra Onyx Sage Polished Rectified Colorsync Sintered Slab 6 mm / 0.24 in,,
Product Panels,Room 5,Mini Slab 13,Sintered Slab,Majesto Forge Eleganza,120 x 280 cm,Honed,6 mm,1,0,0,0,1,8500-0039-0,120 x 280 cm / 48 x 110 in Majesto Forge Eleganza Honed Rectified Colorsync Sintered Slab 6 mm / 0.24 in,,
Product Panels,Room 5,Mini Slab 14,Sintered Slab,Majesto Statuario,120 x 280 cm,Polished,6 mm,1,0,0,0,1,8500-0014-0,120 x 280 cm / 48 x 110 in Majesto Statuario Polished Rectified Colorsync Sintered Slab 6 mm / 0.24 in,,sample eksik ( honed )
Product Panels,Room 5,Mini Slab 15,Sintered Slab,Monoforma Moonlight,120 x 280 cm,Silk,6 mm,1,0,0,0,1,8500-0111-0,120 x 280 cm / 48 x 110 in Monoforma Moonlight Silk Rectified Unglazed Sintered Slab 6 mm / 0.24 in,,sample eksik ( honed )
Product Panels,Room 5,Mini Slab 16,Sintered Slab,Serena Valley,120 x 280 cm,Honed,6 mm,1,0,0,0,1,8500-0078-0,120 x 280 cm / 48 x 110 in Serena Valley Honed Rectified Colorsync Sintered Slab 6 mm / 0.24 in,,
Product Panels,Room 5,Mini Slab 17,Sintered Slab,Lustra Onyx Hazel,120 x 280 cm,Honed,6 mm,1,0,0,0,1,8500-0067-0,120 x 280 cm / 48 x 110 in Lustra Onyx Hazel Honed Rectified Colorsync Sintered Slab 6 mm / 0.24 in,,
Product Panels,Room 5,Mini Slab 18,Sintered Slab,Lithoform Crosscut Dunes,120 x 280 cm,Honed,6 mm,1,0,0,0,1,8500-0080-0,120 x 280 cm / 48 x 110 in Lithoform Crosscut Dunes Honed Rectified Colorsync Sintered Slab 6 mm / 0.24 in,,sample eksik ( vintage )
Product Panels,Room 5,Mini Slab 22,Sintered Slab,Lithoform Veincut Dunes,120 x 280 cm,Honed,6 mm,1,0,0,0,1,8500-0092-0,120 x 280 cm / 48 x 110 in Lithoform Veincut Dunes Honed Rectified Colorsync Sintered Slab 6 mm / 0.24 in,,sample eksik ( vintage )
Product Panels,Room 5,Mini Slab 19,Sintered Slab,Majesto Macchia Vecchia,120 x 280 cm,Polished,6 mm,1,0,0,0,1,8500-0042-0,120 x 280 cm / 48 x 110 in Majesto Macchia Vecchia Bookmatch Cut Polished Rectified Colorsync Sintered Slab 6 mm / 0.24 in,,
Product Panels,Room 5,Mini Slab 20,Sintered Slab,Majesto Calacatta Cremo,120 x 280 cm,Honed,6 mm,1,0,0,0,1,8500-0027-1,120 x 280 cm / 48 x 110 in Majesto Calacatta Cremo Honed Rectified Colorsync Sintered Slab 6 mm / 0.24 in,,
Product Panels,Room 5,Mini Slab 21,Sintered Slab,Majesto Oro Noir,120 x 280 cm,Honed,6 mm,1,0,0,0,1,8500-0045-0,120 x 280 cm / 48 x 110 in Majesto Oro Noir Bookmatch Cut Honed Rectified Colorsync Sintered Slab 6 mm / 0.24 in,,
Product Panels,Room 5,Mini Slab 23,Sintered Slab,Lustra Onyx Crema,120 x 280 cm,Honed,6 mm,1,0,0,0,1,8500-0063-0,120 x 280 cm / 48 x 110 in Lustra Onyx Crema Honed Rectified Colorsync Sintered Slab 6 mm / 0.24 in,,
Product Panels,Room 5,Mini Slab 24,Sintered Slab,Majesto Sahara Noir,120 x 280 cm,Honed,6 mm,1,0,0,0,1,8500-0049-0,120 x 280 cm / 48 x 110 in Majesto Sahara Noir Honed Rectified Colorsync Sintered Slab 6 mm / 0.24 in,,sample eksik (polished )
Product Panels,Room 6,Waterfall Display 01,Sintered Slab,Lithoform Crosscut Coast,60 x 280 cm,Honed,6 mm,1,0,0,0,1,8500-0083-0,120 x 280 cm / 48 x 110 in Lithoform Crosscut Coast Honed Rectified Colorsync Sintered Slab 6 mm / 0.24 in,,"Duvar kısmına gelecek ürünler , / Lithoform Crosscut Coast mutfak tarafından başlayacak | sample eksik ( vintage )"
Product Panels,Room 6,Waterfall Display 02,Sintered Slab,Lithoform Veincut Coast,60 x 280 cm,Honed,6 mm,1,0,0,0,1,8500-0095-0,120 x 280 cm / 48 x 110 in Lithoform Veincut Coast Honed Rectified Colorsync Sintered Slab 6 mm / 0.24 in,,sample eksik ( vintage )
Product Panels,Room 6,Waterfall Display 03,Sintered Slab,Majesto Gemma Bronze,60 x 280 cm,Honed,6 mm,1,0,0,0,1,8500-0031-0,120 x 280 cm / 48 x 110 in Majesto Gemma Bronze Bookmatch Cut Honed Rectified Colorsync Sintered Slab 6 mm / 0.24 in,,
Product Panels,Room 6,Waterfall Display 04,Sintered Slab,Majesto French Vanilla,60 x 280 cm,Honed,6 mm,1,0,0,0,1,8500-0037-0,120 x 280 cm / 48 x 110 in Majesto French Vanilla Honed Rectified Colorsync Sintered Slab 6 mm / 0.24 in,,sample eksik ( satin )
Product Panels,Room 6,Waterfall Display 05,Sintered Slab,Serena Crater,60 x 280 cm,Honed,6 mm,1,0,0,0,1,8500-0070-1,120 x 280 cm / 48 x 110 in Serena Crater Honed Rectified Colorsync Sintered Slab 6 mm / 0.24 in,,
Product Panels,Room 6,Waterfall Display 06,Sintered Slab,Majesto Calacatta Noir,60 x 280 cm,Honed,6 mm,1,0,0,0,1,8500-0051-1,120 x 280 cm / 48 x 110 in Majesto Calacatta Noir Honed Rectified Colorsync Sintered Slab 6 mm / 0.24 in,,
Product Panels,Room 6,Waterfall Display 07,Sintered Slab,Monoforma Oasis,60 x 280 cm,Silk,6 mm,1,0,0,0,1,8500-0113-0,120 x 280 cm / 48 x 110 in Monoforma Oasis Silk Rectified Unglazed Sintered Slab 6 mm / 0.24 in,,
Product Panels,Room 6,Waterfall Display 08,Sintered Slab,Majesto Taj Mahal,60 x 280 cm,Honed,6 mm,1,0,0,0,1,8500-0035-1,120 x 280 cm / 48 x 110 in Majesto Taj Mahal Honed Rectified Colorsync Sintered Slab 6 mm / 0.24 in,,
Product Panels,Room 6,Waterfall Display 09,Sintered Slab,Majesto Bianco Stratura,60 x 280 cm,Polished,6 mm,1,0,0,0,1,8500-0028-1,120 x 280 cm / 48 x 110 in Majesto Bianco Stratura Polished Rectified Colorsync Sintered Slab 6 mm / 0.24 in,,sample chipler yamuklar düzeltilmeli
Product Panels,Room 6,Waterfall Display 10,Sintered Slab,Majesto Ariel Bianco,60 x 280 cm,Honed,6 mm,1,0,0,0,1,8500-0023-0,120 x 280 cm / 48 x 110 in Majesto Ariel Bianco Honed Rectified Colorsync Sintered Slab 6 mm / 0.24 in,,Duvara bakan kısıma bakarak mutfak tarafından / başlayacak waterfall / Waterfall Display 10 ile başlamalı .
Product Panels,Room 6,Waterfall Display 11,Sintered Slab,Majesto Travertino Classico,60 x 280 cm,Honed,6 mm,1,0,0,0,1,8500-0052-0,120 x 280 cm / 48 x 110 in Majesto Travertino Classico Honed Rectified Colorsync Sintered Slab 6 mm / 0.24 in,,
Product Panels,Room 6,Waterfall Display 12,Sintered Slab,Lithoform Crosscut Vista,60 x 280 cm,Honed,6 mm,1,0,0,0,1,8500-0086-0,120 x 280 cm / 48 x 110 in Lithoform Crosscut Vista Honed Rectified Colorsync Sintered Slab 6 mm / 0.24 in,,
Product Panels,Room 6,Waterfall Display 13,Sintered Slab,Lithoform Veincut Vista,60 x 280 cm,Honed,6 mm,1,0,0,0,1,8500-0098-0,120 x 280 cm / 48 x 110 in Lithoform Veincut Vista Honed Rectified Colorsync Sintered Slab 6 mm / 0.24 in,,sample eksik ( vintage )
Product Panels,Room 6,Waterfall Display 14,Sintered Slab,Monoforma Moonlight,60 x 280 cm,Honed,6 mm,1,0,0,0,1,8500-0631-0,120 x 280 cm / 48 x 110 in Monoforma Moonlight Honed Rectified Unglazed Sintered Slab 6 mm / 0.24 in,,
Product Panels,Room 6,Waterfall Display 15,Sintered Slab,Serena Dusk,60 x 280 cm,Honed,6 mm,1,0,0,0,1,8500-0076-0,120 x 280 cm / 48 x 110 in Serena Dusk Honed Rectified Colorsync Sintered Slab 6 mm / 0.24 in,,
Product Panels,Room 6,Waterfall Display 16,Sintered Slab,Serena Flint,60 x 280 cm,Organic Matte,6 mm,1,0,0,0,1,8500-0069-0,120 x 280 cm / 48 x 110 in Serena Flint Organic Matte Rectified Colorsync Sintered Slab 6 mm / 0.24 in,,"İç avluya bakarak ayna tarafından / başlayacak waterfall , Waterfall Display 16 ile başlamalı"
Product Panels,Room 6,Waterfall Display 17,Sintered Slab,Majesto Ceppo di Gre,60 x 280 cm,Honed,6 mm,1,0,0,0,1,8500-0058-0,120 x 280 cm / 48 x 110 in Majesto Ceppo di Gre Honed Rectified Colorsync Sintered Slab 6 mm / 0.24 in,,sample eksik ( satin )
Product Panels,Room 6,Waterfall Display 18,Sintered Slab,Serena Shale,60 x 280 cm,Honed,6 mm,1,0,0,0,1,8500-0072-1,120 x 280 cm / 48 x 110 in Serena Shale Honed Rectified Colorsync Sintered Slab 6 mm / 0.24 in,,
Product Panels,Room 6,Waterfall Display 19,Sintered Slab,Lustra Onyx Halo,60 x 280 cm,Honed,6 mm,1,0,0,0,1,8500-0061-0,120 x 280 cm / 48 x 110 in Lustra Onyx Halo Honed Rectified Colorsync Sintered Slab 6 mm / 0.24 in,,
Product Panels,Room 6,Waterfall Display 20,Sintered Slab,Majesto Travertino Titanium,60 x 280 cm,Organic Matte,6 mm,1,0,0,0,1,8500-0059-0,120 x 280 cm / 48 x 110 in Majesto Travertino Titanium Organic Matte Rectified Colorsync Sintered Slab 6 mm / 0.24 in,,
Product Panels,Room 6,Waterfall Display 21,Sintered Slab,Majesto Bianco Gioia,60 x 280 cm,Honed,6 mm,1,0,0,0,1,8500-0017-0,120 x 280 cm / 48 x 110 in Majesto Bianco Gioia Honed Rectified Colorsync Sintered Slab 6 mm / 0.24 in,,
Product Panels,Room 8,Rotating Tile Display,Porcelain Tile,Lustra Onyx Crema,120 x 120 cm,Polished,9 mm,1,0,0,0,1,8500-0152-0,120 x 120 cm / 48 x 48 in Lustra Onyx Crema Polished Rectified Colorsync Porcelain Tile,,"sağ tarafa yerleşecek , mutfağa yakın kısıma doğru. / lithoform serisi tarafında . / / ilk 5 adet ön panele yerleşecek sonraki 5 adet ürün arkasına yerleşecek"
Product Panels,Room 8,Rotating Tile Display,Porcelain Tile,Lustra Onyx Hazel,120 x 120 cm,Polished,9 mm,1,0,0,0,1,8500-0156-0,120 x 120 cm / 48 x 48 in Lustra Onyx Hazel Polished Rectified Colorsync Porcelain Tile,,
Product Panels,Room 8,Rotating Tile Display,Porcelain Tile,Majesto Calacatta Cremo,120 x 120 cm,Honed,9 mm,1,0,0,0,1,8500-0131-0,120 x 120 cm / 48 x 48 in Majesto Calacatta Cremo Honed Rectified Colorsync Porcelain Tile,,
Product Panels,Room 8,Rotating Tile Display,Porcelain Tile,Majesto Calacatta Oro,120 x 120 cm,Honed,9 mm,1,0,0,0,1,8500-0129-0,120 x 120 cm / 48 x 48 in Majesto Calacatta Oro Honed Rectified Colorsync Porcelain Tile,,
Product Panels,Room 8,Rotating Tile Display,Porcelain Tile,Majesto French Vanilla,120 x 120 cm,Polished,9 mm,1,0,0,0,1,8500-0136-0,120 x 120 cm / 48 x 48 in Majesto French Vanilla Polished Rectified Colorsync Porcelain Tile,,
Product Panels,Room 8,Rotating Tile Display,Porcelain Tile,Majesto Pietra Imperiale,120 x 120 cm,Polished,9 mm,1,0,0,0,1,8500-0643-0,120 x 120 cm / 48 x 48 in Majesto Pietra Imperiale Polished Rectified Colorsync Porcelain Tile,,
Product Panels,Room 8,Rotating Tile Display,Porcelain Tile,Majesto Taj Mahal,120 x 120 cm,Polished,9 mm,1,0,0,0,1,8500-0134-0,120 x 120 cm / 48 x 48 in Majesto Taj Mahal Polished Rectified Colorsync Porcelain Tile,,
Product Panels,Room 8,Rotating Tile Display,Porcelain Tile,Lithoform Crosscut Coast,120 x 120 cm,Organic Matte,9 mm,1,0,0,0,1,8500-0174-0,120 x 120 cm / 48 x 48 in Lithoform Crosscut Coast Organic Matte Rectified Colorsync Porcelain Tile,,
Product Panels,Room 8,Rotating Tile Display,Porcelain Tile,Lithoform Crosscut Twilight,120 x 120 cm,Organic Matte,9 mm,1,0,0,0,1,8500-0180-0,120 x 120 cm / 48 x 48 in Lithoform Crosscut Twilight Organic Matte Rectified Colorsync Porcelain Tile,,
Product Panels,Room 8,Rotating Tile Display,Porcelain Tile,Lithoform Crosscut Vista,120 x 120 cm,Organic Matte,9 mm,1,0,0,0,1,8500-0177-0,120 x 120 cm / 48 x 48 in Lithoform Crosscut Vista Organic Matte Rectified Colorsync Porcelain Tile,,
Product Panels,Room 8,Rotating Tile Display,Porcelain Tile,Lustra Onyx Feather,120 x 120 cm,Polished,9 mm,1,0,0,0,1,8500-0688-0,120 x 120 cm / 48 x 48 in Lustra Onyx Feather Polished Rectified Colorsync Porcelain Tile,,"sol tarafa yerleşecek , banyoya yakın kısıma doğru. / serena serisi tarafında . / / ilk 5 adet ön panele yerleşecek sonraki 5 adet ürün arkasına yerleşecek"
Product Panels,Room 8,Rotating Tile Display,Porcelain Tile,Lustra Onyx Sage,120 x 120 cm,Polished,9 mm,1,0,0,0,1,8500-0154-0,120 x 120 cm / 48 x 48 in Lustra Onyx Sage Polished Rectified Colorsync Porcelain Tile,,
Product Panels,Room 8,Rotating Tile Display,Porcelain Tile,Majesto Bianco Gioia,120 x 120 cm,Polished,9 mm,1,0,0,0,1,8500-0122-0,120 x 120 cm / 48 x 48 in Majesto Bianco Gioia Polished Rectified Colorsync Porcelain Tile,,
Product Panels,Room 8,Rotating Tile Display,Porcelain Tile,Majesto Calacatta Borghini,120 x 120 cm,Honed,9 mm,1,0,0,0,1,8500-0133-0,120 x 120 cm / 48 x 48 in Majesto Calacatta Borghini Honed Rectified Colorsync Porcelain Tile,,
Product Panels,Room 8,Rotating Tile Display,Porcelain Tile,Majesto Calacatta Corchia,120 x 120 cm,Polished,9 mm,1,0,0,0,1,8500-0124-0,120 x 120 cm / 48 x 48 in Majesto Calacatta Corchia Polished Rectified Colorsync Porcelain Tile,,
Product Panels,Room 8,Rotating Tile Display,Porcelain Tile,Majesto Crystal Bianco,120 x 120 cm,Polished,9 mm,1,0,0,0,1,8500-0146-0,120 x 120 cm / 48 x 48 in Majesto Crystal Bianco Polished Rectified Colorsync Porcelain Tile,,
Product Panels,Room 8,Rotating Tile Display,Porcelain Tile,Majesto Forge Eleganza,120 x 120 cm,Polished,9 mm,1,0,0,0,1,8500-0138-0,120 x 120 cm / 48 x 48 in Majesto Forge Eleganza Polished Rectified Colorsync Porcelain Tile,,
Product Panels,Room 8,Rotating Tile Display,Porcelain Tile,Majesto Statuario,120 x 120 cm,Honed,9 mm,1,0,0,0,1,8500-0121-0,120 x 120 cm / 48 x 48 in Majesto Statuario Honed Rectified Colorsync Porcelain Tile,,
Product Panels,Room 8,Rotating Tile Display,Porcelain Tile,Serena Dusk,120 x 120 cm,Organic Matte,9 mm,1,0,0,0,1,8500-0167-0,120 x 120 cm / 48 x 48 in Serena Dusk Organic Matte Rectified Colorsync Porcelain Tile,,
Product Panels,Room 8,Rotating Tile Display,Porcelain Tile,Serena Pewter,120 x 120 cm,Organic Matte,9 mm,1,0,0,0,1,8500-0165-0,120 x 120 cm / 48 x 48 in Serena Pewter Organic Matte Rectified Colorsync Porcelain Tile,,
Product Panels,Hall,Fixtures,Sintered Slab,Bianco Gioia Block 19 Bookmatch,160 x 320 cm,Polished,6 mm,1,0,0,0,1,8000-0196-0,160 x 320 cm / 63 x 126 in Bianco Gioia Block 19 Bookmatch Cut Polished Rectified Colorsync Sintered Slab 6 mm / 0.24 in,,
Product Panels,Hall,Fixtures,Sintered Slab,Onyx Halo Block 44 Bookmatch,162 x 322 cm,Polished,12 mm,1,0,0,0,1,8000-0466-2,162 x 322 cm / 64 x 127 in Onyx Halo Block 44 Bookmatch Cut Polished ColorsyncSintered Slab 12 mm / 0.47 in,,
Product Panels,Hall,Fixtures,Sintered Slab,Arabescato Vagli Block 34,162 x 322 cm,Honed,12 mm,1,0,0,0,1,8000-0014-0,162 x 322 cm / 64 x 127 in Arabescato Vagli Block 34 Bookmatch Cut Honed Colorsync Sintered Slab 12 mm / 0.47 in,,
Product Panels,Hall,Fixtures,Sintered Slab,Bianco Dior Block 38,160 x 320 cm,Honed,6 mm,1,0,0,0,1,8000-0194-0,160 x 320 cm / 63 x 126 in Bianco Dior Block 38 Bookmatch Cut Honed Rectified Colorsync Sintered Slab 6 mm / 0.24 in,,
Product Panels,Hall,Fixtures,Sintered Slab,Statuario Block 16,162 x 322 cm,Polished,12 mm,1,0,0,0,1,8000-0156-1,162 x 322 cm / 64 x 127 in Statuario Block 16 Bookmatch Cut Polished Colorsync Sintered Slab 12 mm / 0.47 in,,
Product Panels,Hall,Fixtures,Sintered Slab,Calacatta Noir,160 x 320 cm,Polished,6 mm,2,0,0,0,2,8000-0590-0,160 x 320 cm / 63 x 126 in Calacatta Noir Polished Rectified Colorsync Sintered Slab 6 mm / 0.24 in,,
Product Panels,Hall,Fixtures,Sintered Slab,Nero Marquina Block 26,160 x 320 cm,Honed,6 mm,1,0,0,0,1,8000-0270-1,160 x 320 cm / 63 x 126 in Nero Marquina Block 26 Bookmatch Cut Honed Rectified Colorsync Sintered Slab 6 mm / 0.24 in,,
Product Panels,Hall,Fixtures,Sintered Slab,Verdi Alpi,160 x 320 cm,Polished,6 mm,1,0,0,0,1,8000-0596-0,160 x 320 cm / 63 x 126 in Verdi Alpi Polished Rectified Colorsync Sintered Slab 6 mm / 0.24 in,,
Product Panels,Hall,Fixtures,Sintered Slab,Calacatta Corchia Block 43,160 x 320 cm,Honed,6 mm,1,0,0,0,1,8000-0202-0,160 x 320 cm / 63 x 126 in Calacatta Corchia Block 43 Bookmatch Cut Honed Rectified Colorsync Sintered Slab 6 mm / 0.24 in,,"sample eksik ( polished , satin)"
Product Panels,Hall,Fixtures,Sintered Slab,Armani Noir Block 17,160 x 320 cm,Polished,6 mm,1,0,0,0,1,8000-0184-0,160 x 320 cm / 63 x 126 in Armani Noir Block 17 Bookmatch Cut Polished Rectified Colorsync Sintered Slab 6 mm / 0.24 in,,
Product Panels,Hall,Fixtures,Sintered Slab,Crystal Bianco Block 50,162 x 322 cm,Polished,12 mm,1,0,0,0,1,8000-0441-1,162 x 322 cm / 64 x 127 in Crystal Bianco Block 50 Bookmatch Cut Polished ColorsyncSintered Slab 12 mm / 0.47 in,,
Product Panels,Hall,Fixtures,Sintered Slab,Serena Shale,160 x 320 cm,Honed,6 mm,1,0,0,0,1,8000-0539-1,160 x 320 cm / 63 x 126 in Serena Shale Honed Rectified Colorsync Sintered Slab 6 mm / 0.24 in,,
Product Panels,Hall,Fixtures,Sintered Slab,Publica Thunder,160 x 320 cm,Patinated,6 mm,1,0,0,0,1,8000-0564-0,160 x 320 cm / 63 x 126 in Publica Thunder Patinated Rectified Colorsync Sintered Slab 6 mm / 0.24 in,,
Product Panels,Hall,Fixtures,Sintered Slab,Monoforma Silhouette,162 x 322 cm,Polished,12 mm,1,0,0,0,1,8000-0521-1,162 x 322 cm / 64 x 127 in Monoforma Silhouette Polished Unglazed Sintered Slab 12 mm / 0.47 in,,sample eksik ( silk)
Product Panels,Hall,Fixtures,Sintered Slab,Ariel Bianco Block 33,160 x 320 cm,Polished,6 mm,1,0,0,0,1,8000-0180-0,160 x 320 cm / 63 x 126 in Ariel Bianco Block 33 Bookmatch Cut Polished Rectified Colorsync Sintered Slab 6 mm / 0.24 in,,
Product Panels,Hall,Fixtures,Sintered Slab,Calacatta Viola Block 41,160 x 320 cm,Honed,6 mm,1,0,0,0,1,8000-0050-0,160 x 320 cm / 63 x 126 in Calacatta Viola Block 41 Bookmatch Cut Honed Rectified Colorsync Sintered Slab 6 mm / 0.24 in,,
Product Panels,Hall,Fixtures,Sintered Slab,Foresta Block 56,160 x 320 cm,Honed,6 mm,1,0,0,0,1,8000-0238-0,160 x 320 cm / 63 x 126 in Foresta Block 56 Bookmatch Cut Honed Rectified Colorsync Sintered Slab 6 mm / 0.24 in,,
Product Panels,Hall,Fixtures,Sintered Slab,Travertino Classico,160 x 320 cm,Honed,6 mm,1,0,0,0,1,8000-0578-0,160 x 320 cm / 63 x 126 in Travertino Classico Honed Rectified Colorsync Sintered Slab 6 mm / 0.24 in,,
Product Panels,Hall,Fixtures,Sintered Slab,Travertino Titanium Block 39,160 x 320 cm,Honed,6 mm,1,0,0,0,1,8000-0574-0,160 x 320 cm / 63 x 126 in Travertino Titanium Block 39 Bookmatch Cut Honed Rectified Colorsync Colorsync Sintered Slab 6 mm / 0.24,,
Product Panels,Hall,Fixtures,Sintered Slab,Grigio Quarzo Block 21,160 x 320 cm,Honed,6 mm,1,0,0,0,1,8000-0250-0,160 x 320 cm / 63 x 126 in Grigio Quarzo Block 21 Bookmatch Cut Honed Rectified Colorsync Sintered Slab 6 mm / 0.24 in,,
Product Panels,Hall,Fixtures,Sintered Slab,Ceppo di Gre Block 71,162 x 322 cm,Honed,12 mm,1,0,0,0,1,8000-0436-1,162 x 322 cm / 64 x 127 in Ceppo di Gre Block 71 Bookmatch Cut Honed Colorsync Sintered Slab 12 mm / 0.47 in,,sample eksik ( satin)
Product Panels,Hall,Fixtures,Sintered Slab,Terrazzo Delicato,162 x 322 cm,Honed,12 mm,1,0,0,0,1,8000-0442-1,162 x 322 cm / 64 x 127 in Terrazzo Delicato Honed Colorsync Sintered Slab 12 mm / 0.47 in,,
Product Panels,Hall,Fixtures,Sintered Slab,Fusion White Block 27,160 x 320 cm,Honed,6 mm,1,0,0,0,1,8000-0244-1,160 x 320 cm / 63 x 126 in Fusion White Block 27 Bookmatch Cut Polished Rectified Colorsync Sintered Slab 6 mm / 0.24 in,,
Product Panels,Hall,Fixtures,Sintered Slab,Montagna Jade Block 14,160 x 320 cm,Polished,6 mm,1,0,0,0,1,8000-0260-0,160 x 320 cm / 63 x 126 in Montagna Jade Block 14 Bookmatch Cut Polished Rectified Colorsync Sintered Slab 6 mm / 0.24 in,,
Product Panels,Hall,Fixtures,Sintered Slab,Panda Block 22,160 x 320 cm,Honed,6 mm,1,0,0,0,1,8000-0278-1,160 x 320 cm / 63 x 126 in Panda Block 22 Bookmatch Cut Honed Rectified Colorsync Sintered Slab 6 mm / 0.24 in,,
Product Panels,Hall,Fixtures,Sintered Slab,Super White Block 28,162 x 322 cm,Polished,12 mm,1,0,0,0,1,8000-0168-1,162 x 322 cm / 64 x 127 in Super White Block 28 Bookmatch Cut Polished Colorsync Sintered Slab 12 mm / 0.47 in,,
Product Panels,Hall,Fixtures,Sintered Slab,Calacatta Carrara Block 23,160 x 320 cm,Polished,6 mm,1,0,0,0,1,8000-0044-1*,160 x 320 cm / 63 x 126 in Calacatta Carrara Block 23 Bookmatch Cut Polished Rectified Colorsync Sintered Slab 6 mm / 0.24 in,,
Product Panels,Hall,Fixtures,Sintered Slab,Atlantic Ocean Honed,160 x 320 cm,Honed,6 mm,1,0,0,0,1,8000-0603-0,160 x 320 cm / 63 x 126 in Atlantic Ocean Honed Rectified Colorsync Sintered Slab 6 mm / 0.24 in,,
Product Panels,Hall,Fixtures,Sintered Slab,Montagna Grey Block 11,160 x 320 cm,Polished,6 mm,1,0,0,0,1,8000-0264-1*,160 x 320 cm / 63 x 126 in Montagna Grey Block 11 Bookmatch Cut Polished Rectified Colorsync Sintered Slab 6 mm / 0.24 in,,neden 3 finish var ?
Product Panels,Hall,Fixtures,Sintered Slab,Pietra Imperiale,160 x 320 cm,Polished,6 mm,1,0,0,0,1,8000-0604-0,160 x 320 cm / 63 x 126 in Pietra Imperiale Polished Rectified Colorsync Sintered Slab 6 mm / 0.24 in,,"vintage sample var , label güncellenmeli"
Product Panels,Hall,Fixtures,Sintered Slab,Calacatta Cremo Block 31,162 x 322 cm,Polished,12 mm,1,0,0,0,1,8000-0068-1*,162 x 322 cm / 64 x 127 in Calacatta Cremo Block 31 Bookmatch Cut Polished Colorsync Sintered Slab 12 mm / 0.47 in,,
Product Panels,Hall,Fixtures,Sintered Slab,Sahara Noir Block 15,162 x 322 cm,Polished,12 mm,1,0,0,0,1,8000-0152-1,162 x 322 cm / 64 x 127 in Sahara Noir Block 15 Bookmatch Cut Polished Colorsync Sintered Slab 12 mm / 0.47 in,,
Product Panels,Hall,Fixtures,Sintered Slab,Bianco Stratura Block 18,162 x 322 cm,Honed,12 mm,1,0,0,0,1,8000-0438-1*,162 x 322 cm / 64 x 127 in Bianco Stratura Block 18 Bookmatch Cut Honed Colorsync Sintered Slab 12 mm / 0.47 in,,
Product Panels,Hall,Fixtures,Sintered Slab,Lithoform Veincut Coast,160 x 320 cm,Honed,6 mm,1,0,0,0,1,8000-0554-1*,160 x 320 cm / 63 x 126 in Lithoform Veincut Coast Honed Rectified Colorsync Sintered Slab 6 mm / 0.24 in,,
Product Panels,Hall,Fixtures,Sintered Slab,Lithoform Crosscut Coas,160 x 320 cm,Honed,6 mm,1,0,0,0,1,8000-0545-1*,160 x 320 cm / 63 x 126 in Lithoform Crosscut Coast Honed Rectified Colorsync Sintered Slab 6 mm / 0.24 in,,
Product Panels,Hall,Fixtures,Sintered Slab,French Vanilla,160 x 320 cm,Honed,6 mm,1,0,0,0,1,8000-0530-0,160 x 320 cm / 63 x 126 in French Vanilla Honed Rectified Colorsync Sintered Slab 6 mm / 0.24 in,,sample eksik ( satin)
Product Panels,Hall,Fixtures,Sintered Slab,Arabescato Corchia Block 59,160 x 320 cm,Polished,6 mm,1,0,0,0,1,8000-0036-0*,160 x 320 cm / 63 x 126 in Arabescato Corchia Block 59 Bookmatch Cut Polished Rectified Colorsync Sintered Slab 6 mm / 0.24 in,,
Product Panels,Hall,Fixtures,Sintered Slab,Forge Eleganza,162 x 322 cm,Polished,12 mm,1,0,0,0,1,8000-0108-1,162 x 322 cm / 64 x 127 in Forge Eleganza Block 20 Bookmatch Cut Polished Colorsync Sintered Slab 12 mm / 0.47 in,,
Product Panels,Hall,Fixtures,Sintered Slab,Calacatta Oro Block 12,162 x 322 cm,Polished,12 mm,1,0,0,0,1,8000-0084-2*,162 x 322 cm / 64 x 127 in Calacatta Oro Block 12 Bookmatch Cut Polished Colorsync Sintered Slab 12 mm / 0.47 in,,
Product Panels,Hall,Fixtures,Sintered Slab,Oro Noir Block 25 Bookmatch,160 x 320 cm,Polished,6 mm,1,0,0,0,1,8000-0272-0,160 x 320 cm / 63 x 126 in Oro Noir Block 25 Bookmatch Cut Polished Rectified Colorsync Sintered Slab 6 mm / 0.24 in,,
Product Panels,Hall,Fixtures,Sintered Slab,Macchia Vecchia Block 42,160 x 320 cm,Honed,6 mm,2,0,0,0,2,8000-0254-0,160 x 320 cm / 63 x 126 in Macchia Vecchia Block 42 Bookmatch Cut Honed Rectified Colorsync Sintered Slab 6 mm / 0.24 in,,
Product Panels,Hall,Fixtures,Sintered Slab,Calacatta Borghini Block 48,162 x 322 cm,Honed,12 mm,1,0,0,0,1,8000-0434-2*,162 x 322 cm / 64 x 127 in Calacatta Borghini Block 48 Bookmatch Cut Honed Colorsync Sintered Slab 12 mm / 0.47 in,,
Product Panels,Hall,Fixtures,Sintered Slab,Taj Mahal Block 36,160 x 320 cm,Polished,6 mm,1,0,0,0,1,8000-0411-0,160 x 320 cm / 63 x 126 in Taj Mahal Block 36 Bookmatch Cut Polished Rectified Colorsync Sintered Slab 6 mm / 0.24 in,,
Product Panels,Hall,Fixtures,Sintered Slab,Marina White Block 46,160 x 320 cm,Honed,6 mm,1,0,0,0,1,8000-0258-0,160 x 320 cm / 63 x 126 in Marina White Block 46 Bookmatch Cut Honed Rectified Colorsync Sintered Slab 6 mm / 0.24 in,,
Product Panels,Hall,Fixtures,Sintered Slab,Calacatta Picasso Block 32,160 x 320 cm,Polished,6 mm,1,0,0,0,1,8000-0224-1*,160 x 320 cm / 63 x 126 in Calacatta Picasso Block 32 Bookmatch Cut Polished Rectified Colorsync Sintered Slab 6 mm / 0.24 in,,
Product Panels,Hall,Fixtures,Sintered Slab,Gemma Bronze Block 45,160 x 320 cm,Polished,6 mm,1,0,0,0,1,8000-0208-0,160 x 320 cm / 63 x 126 in Gemma Bronze Block 45 Bookmatch Cut Polished Rectified Colorsync Sintered Slab 6 mm / 0.24 in,,
Floor & Walls,F04+F05+F06+F08,Main Floors,Porcelain Tile,Serena Crater,119.8 x 119.8 cm,Honed,9 mm,75,0,25,0,100,8500-0160-0,120 x 120 cm / 48 x 48 in Serena Crater Honed Rectified Colorsync Porcelain Tile,N/A,
Floor & Walls,F01,Floor,Porcelain Tile,Arabescato Corchia,119.8 x 119.8 cm,Honed,9 mm,20,0,4,0,24,8500-0119-0,120 x 120 cm / 48 x 48 in Majesto Arabescato Corchia Honed Rectified Colorsync Porcelain Tile,N/A,
Floor & Walls,F02,Floor,Porcelain Tile,Calacatta Noir,119.8 x 119.8 cm,Honed,9 mm,27,0,5,0,32,8500-0145-0,120 x 120 cm / 48 x 48 in Majesto Calacatta Noir Honed Rectified Colorsync Porcelain Tile,N/A,
Floor & Walls,F03,Floor,Porcelain Tile,Ceppo di Gre,119.8 x 119.8 cm,Honed,9 mm,27,0,5,0,32,8500-0148-0,120 x 120 cm / 48 x 48 in Majesto Ceppo di Gre Honed Rectified Colorsync Porcelain Tile,N/A,
Floor & Walls,F07,Floor,Porcelain Tile,Lithoform Crosscut Dunes,119.8 x 119.8 cm,Honed,9 mm,27,0,5,0,32,8500-0170-0,120 x 120 cm / 48 x 48 in Lithoform Crosscut Dunes Honed Rectified Colorsync Porcelain Tile,N/A,
Floor & Walls,W1A+W1C,Bathroom Walls,Sintered Slab,Pietra Imperiale,160 x 320 cm,Honed,6 mm,2,2,0,0,4,8000-0282-0,160 x 320 cm / 63 x 126 in Pietra Imperiale Block 30 Bookmatch Cut Honed Rectified Colorsync Sintered Slab 6 mm / 0.24 in,No,
Floor & Walls,W1B+W1D,Bathroom side Walls,Sintered Slab,Arabescato Corchia,160 x 320 cm,Polished,6 mm,3,3,0,0,6,8000-0036-0,160 x 320 cm / 63 x 126 in Arabescato Corchia Block 59 Bookmatch Cut Polished Rectified Colorsync Sintered Slab 6 mm / 0.24 in,Yes,
Floor & Walls,W1A,Bathroom Vanity,Sintered Slab,Pietra Imperiale,162 x 322 cm,Satin,12 mm,1,0,0,0,1,8000-0493-1,162 x 322 cm / 64 x 127 in Pietra Imperiale Block 30 Bookmatch Cut Satin Colorsync Sintered Slab 12 mm / 0.47 in,N/A,Kesim icin Slab mobilya ureticisi bir firmaya iletilmeli
Floor & Walls,W2A+W2B+W2D,Living Space Walls,Sintered Slab,Lithoform Veincut Vista,160 x 320 cm,Honed,6 mm,6,0,0,0,6,8000-0558-0,160 x 320 cm / 63 x 126 in Lithoform Veincut Vista Honed Rectified Colorsync Sintered Slab 6 mm / 0.24 in,Yes,
Floor & Walls,W2C,Waterfall Wall,Sintered Slab,Calacatta Noir,120 x 280 cm,Polished,6 mm,8,0,0,0,8,8500-0050-1,120 x 280 cm / 48 x 110 in Majesto Calacatta Noir Polished Rectified Colorsync Sintered Slab 6 mm / 0.24 in,Yes,
Floor & Walls,W2D,Fireplace Top,Sintered Slab,Travertino Titanium,160 x 320 cm,Honed,6 mm,2,2,0,0,4,8000-0574-0,160 x 320 cm / 63 x 126 in Travertino Titanium Block 39 Bookmatch Cut Honed Rectified Colorsync Colorsync Sintered Slab 6 mm / 0.24,Yes,
Floor & Walls,W2D,Fireplace Bottom,Sintered Slab,Travertino Titanium,162 x 322 cm,Grained,12 mm,1,1,0,0,2,8000-0500-1,162 x 322 cm / 64 x 127 in Travertino Titanium Block 39 Bookmatch Cut Grained Colorsync Sintered Slab 12 mm / 0.47 in,Yes,
Floor & Walls,W3A+W3B+W3C,Meeting room Walls,Sintered Slab,Lithoform Crosscut Vista,160 x 320 cm,Honed,6 mm,7,0,0,0,7,8000-0551-0,160 x 320 cm / 63 x 126 in Lithoform Crosscut Vista Honed Rectified Colorsync Sintered Slab 6 mm / 0.24 in,Yes,
Floor & Walls,W3D,Wall,Sintered Slab,Statuario Block 16,160 x 320 cm,Honed,6 mm,1,1,0,0,2,8000-0290-0,160 x 320 cm / 63 x 126 in Statuario Block 16 Bookmatch Cut Honed Rectified Colorsync Sintered Slab 6 mm / 0.24 in,No,
Floor & Walls,W3D,Wall,Sintered Slab,Statuario Block 17,160 x 320 cm,Honed,6 mm,1,1,0,0,2,8000-0306-9,160 x 320 cm / 63 x 126 in Statuario Block 17 Bookmatch Cut Honed Rectified Colorsync Sintered Slab B Grade 6 mm / 0.24 in,Yes,B Grade urun icinden 1 adet A ve 1 adet B face cikartabilir miyiz bakalim lutfen.
Floor & Walls,Room 3,Middle Meeting Table Top,Sintered Slab,Oro Noir,125 x 280 cm,Polished,12 mm,1,0,0,0,1,8000-0140-1,162 x 322 cm / 64 x 127 in Oro Noir Block 25 Bookmatch Cut Polished Colorsync Sintered Slab 12 mm / 0.47 in,N/A,Kesim icin Slab mobilya ureticisi bir firmaya iletilmeli veya kendimiz keselim
Floor & Walls,W4C,Wall,Sintered Slab,Foresta,160 x 320 cm,Polished,6 mm,1,1,0,0,2,8000-0236-0,160 x 320 cm / 63 x 126 in Foresta Block 56 Bookmatch Cut Polished Rectified Colorsync Sintered Slab 6 mm / 0.24 in,No,
Floor & Walls,W5C,Subsize Tiles,Sintered Slab,Majesto Taj Mahal,120 x 280 cm,Polished,6 mm,1,0,0,0,1,8500-0034-1,120 x 280 cm / 48 x 110 in Majesto Taj Mahal Polished Rectified Colorsync Sintered Slab 6 mm / 0.24 in,No,
Floor & Walls,W5C,Subsize Tiles,Porcelain Tile,Majesto Taj Mahal,60 x 120 cm,Polished,9 mm,1,0,0,0,1,8500-0530-0,60 x 120 cm / 24 x 48 in Majesto Taj Mahal Polished Rectified Colorsync Porcelain Tile,No,
Floor & Walls,W5C,Subsize Tiles,Porcelain Tile,Majesto Taj Mahal,120 x 120 cm,Honed,9 mm,1,0,0,0,1,8500-0135-0,120 x 120 cm / 48 x 48 in Majesto Taj Mahal Honed Rectified Colorsync Porcelain Tile,No,
Floor & Walls,W5C,Subsize Tiles,Mosaic,Majesto Taj Mahal,"2"" Hex Mosaic",Honed,9 mm,1,0,0,0,1,8510-0009-0,5 cm / 2 in Majesto Taj Mahal Hexagon Honed Colorsync Porcelain Mosaic,No,Mosaic ureticisinden talep edilmeli.
Floor & Walls,W5C,Subsize Tiles,Porcelain Tile,Majesto Taj Mahal,60 x 60 cm,Honed,9 mm,1,0,0,0,1,8500-0295-0,60 x 60 cm / 24 x 24 in Majesto Taj Mahal Honed Rectified Colorsync Porcelain Tile,No,
Floor & Walls,W5C,Subsize Tiles,Porcelain Tile,Majesto Taj Mahal,30 x 60 cm,Polished,9 mm,1,0,0,0,1,8500-0405-0,30 x 60 cm / 12 x 24 in Majesto Taj Mahal Polished Rectified Colorsync Porcelain Tile,No,
Floor & Walls,W5C,Subsize Tiles,Porcelain Tile,Majesto Taj Mahal,90 x 90 cm,Honed,9 mm,1,0,0,0,1,8500-0602-0,90 x 90 cm / 36 x 36 in Majesto Taj Mahal Honed Rectified Colorsync Porcelain Tile,No,120 x 120'den kesilebilir.
Floor & Walls,W6A,Wall,Sintered Slab,Calacatta Corchia,120 x 280 cm,Honed,6 mm,6,0,0,0,6,8500-0019-1,120 x 280 cm / 48 x 110 in Majesto Calacatta Corchia Honed Rectified Colorsync Sintered Slab 6 mm / 0.24 in,Yes,
Floor & Walls,W7C,Wall,Sintered Slab,Travertino Classico,120 x 280 cm,Honed,6 mm,6,0,0,0,6,8500-0052-0,120 x 280 cm / 48 x 110 in Majesto Travertino Classico Honed Rectified Colorsync Sintered Slab 6 mm / 0.24 in,Yes,
Floor & Walls,W8A,Wall,Sintered Slab,Gemma Bronze,160 x 320 cm,Honed,6 mm,1,1,0,0,2,8000-0210-0,160 x 320 cm / 63 x 126 in Gemma Bronze Block 45 Bookmatch Cut Honed Rectified Colorsync Sintered Slab 6 mm / 0.24 in,No,
Floor & Walls,W8B,Subsize Tiles,Porcelain Tile,Lithoform Crosscut Vista,120 x 120 cm,Honed,9 mm,1,0,0,0,1,8500-0176-0,120 x 120 cm / 48 x 48 in Lithoform Crosscut Vista Honed Rectified Colorsync Porcelain Tile,N/A,
Floor & Walls,W8B,Subsize Tiles,Porcelain Tile,Lithoform Crosscut Twilight,120 x 120 cm,Honed,9 mm,1,0,0,0,1,8500-0179-0,120 x 120 cm / 48 x 48 in Lithoform Crosscut Twilight Honed Rectified Colorsync Porcelain Tile,N/A,
Floor & Walls,W8C,Subsize Tiles,Porcelain Tile,Lithoform Crosscut Coast,120 x 120 cm,Honed,9 mm,1,0,0,0,1,8500-0173-0,120 x 120 cm / 48 x 48 in Lithoform Crosscut Coast Honed Rectified Colorsync Porcelain Tile,N/A,
Floor & Walls,W8C,Subsize Tiles,Porcelain Tile,Lithoform Crosscut Dunes,120 x 120 cm,Honed,9 mm,1,0,0,0,1,8500-0170-0,120 x 120 cm / 48 x 48 in Lithoform Crosscut Dunes Honed Rectified Colorsync Porcelain Tile,N/A,
Floor & Walls,W8C,Subsize Tiles,Porcelain Tile,Lithoform Veincut Coast,60 x 120 cm,Honed,9 mm,2,0,0,0,2,8500-0462-0,60 x 120 cm / 24 x 48 in Lithoform Veincut Coast Honed Rectified Colorsync Porcelain Tile,N/A,
Floor & Walls,W8C,Subsize Tiles,Porcelain Tile,Lithoform Veincut Dunes,60 x 120 cm,Honed,9 mm,2,0,0,0,2,8500-0468-0,60 x 120 cm / 24 x 48 in Lithoform Veincut Dunes Honed Rectified Colorsync Porcelain Tile,N/A,
Floor & Walls,W8C,Subsize Tiles,Porcelain Tile,Lithoform Veincut Vista,60 x 120 cm,Honed,9 mm,2,0,0,0,2,8500-0480-0,60 x 120 cm / 24 x 48 in Lithoform Veincut Vista Honed Rectified Colorsync Porcelain Tile,N/A,
Floor & Walls,W8C,Subsize Tiles,Porcelain Tile,Lithoform Veincut Twilight,60 x 120 cm,Honed,9 mm,2,0,0,0,2,8500-0474-0,60 x 120 cm / 24 x 48 in Lithoform Veincut Twilight Honed Rectified Colorsync Porcelain Tile,N/A,
Floor & Walls,W8C,Subsize Tiles,Porcelain Tile,Serena Shale,120 x 120 cm,Honed,9 mm,1,0,1,0,2,8500-0162-0,120 x 120 cm / 48 x 48 in Serena Shale Honed Rectified Colorsync Porcelain Tile,N/A,
Floor & Walls,W8C,Subsize Tiles,Porcelain Tile,Serena Valley,120 x 120 cm,Honed,9 mm,1,0,1,0,2,8500-0168-0,120 x 120 cm / 48 x 48 in Serena Valley Honed Rectified Colorsync Porcelain Tile,N/A,
Floor & Walls,W8C,Subsize Tiles,Porcelain Tile,Serena Crater,120 x 120 cm,Honed,9 mm,1,0,1,0,2,8500-0160-0,120 x 120 cm / 48 x 48 in Serena Crater Honed Rectified Colorsync Porcelain Tile,N/A,
Floor & Walls,W8C,Subsize Tiles,Porcelain Tile,Serena Dusk,120 x 120 cm,Honed,9 mm,1,0,1,0,2,8500-0166-0,120 x 120 cm / 48 x 48 in Serena Dusk Honed Rectified Colorsync Porcelain Tile,N/A,
Floor & Walls,W8D,Subsize Tiles,Porcelain Tile,Serena Pewter,120 x 120 cm,Honed,9 mm,1,0,1,0,2,8500-0164-0,120 x 120 cm / 48 x 48 in Serena Pewter Honed Rectified Colorsync Porcelain Tile,N/A,
Floor & Walls,W8D,Subsize Tiles,Porcelain Tile,Serena Flint,120 x 120 cm,Honed,9 mm,1,0,1,0,2,8500-0158-0,120 x 120 cm / 48 x 48 in Serena Flint Honed Rectified Colorsync Porcelain Tile,N/A,
Floor & Walls,W9F,Subsize Tiles,,Lustra Onyx Sage (Olive),60 x 120 cm,,9 mm,1,0,1,0,2,,60 x 120 cm Lustra Onyx Sage (Olive),N/A,Cengiz bey onayi bekleniyor. Uretilecek.
Floor & Walls,W9F,Subsize Tiles,,Lustra Onyx Hazel (Taupe),60 x 120 cm,,9 mm,1,0,1,0,2,,60 x 120 cm Lustra Onyx Hazel (Taupe),N/A,Cengiz bey onayi bekleniyor. Uretilecek.
Floor & Walls,W9F,Subsize Tiles,,Lustra Onyx Crema (Ivory),120 x 120 cm,,9 mm,1,0,1,0,2,,120 x 120 cm Lustra Onyx Crema (Ivory),N/A,Cengiz bey onayi bekleniyor. Uretilecek.
Floor & Walls,Board,Finishes sample board,Sample Chip,Taj Mahal,9.5 x 13.4 cm,Polished,6 mm,2,0,0,0,2,9902-2325-0,"Aeterna 9.5 x 13.4 cm Taj Mahal Polished Sample Chip, 6 mm",N/A,
Floor & Walls,Board,Finishes sample board,Sample Chip,Taj Mahal,9.5 x 13.4 cm,Honed,6 mm,2,0,0,0,2,9902-2326-0,"Aeterna 9.5 x 13.4 cm Taj Mahal Honed Sample Chip, 6 mm",N/A,
Floor & Walls,Board,Finishes sample board,Sample Chip,Taj Mahal,9.5 x 13.4 cm,Satin,6 mm,2,0,0,0,2,9902-2327-0,"Aeterna 9.5 x 13.4 cm Taj Mahal Satin Sample Chip, 6 mm",N/A,
Floor & Walls,Board,Finishes sample board,Sample Chip,Lithoform Crosscut Coast,9.5 x 13.4 cm,St Honed,6 mm,2,0,0,0,2,9902-2383-0,"Aeterna 9.5 x 13.4 cm Lithoform Crosscut Coast Honed Sample Chip, 6 mm",N/A,
Floor & Walls,Board,Finishes sample board,Sample Chip,Lithoform Crosscut Coast,9.5 x 13.4 cm,Organic Matte,6 mm,2,0,0,0,2,9902-2415-0,"Aeterna 9.5 x 13.4 cm Lithoform Crosscut Coast Organic Matte Sample Chip, 6 mm",N/A,
Floor & Walls,Board,Finishes sample board,Sample Chip,Lithoform Crosscut Coast,9.5 x 13.4 cm,Vintage,6 mm,2,0,0,0,2,9902-2384-0,"Aeterna 9.5 x 13.4 cm Lithoform Crosscut Coast Vintage Sample Chip, 6 mm",N/A,
Floor & Walls,Board,Finishes sample board,Sample Chip,Travertino Classico,9.5 x 13.4 cm,Grained,6 mm,2,0,0,0,2,9902-2372-0,"Aeterna 9.5 x 13.4 cm Travertino Classico Grained Sample Chip, 6 mm",N/A,
Floor & Walls,Board,Finishes sample board,Sample Chip,Publica Terrain,9.5 x 13.4 cm,Patinated,6 mm,2,0,0,0,2,9902-2402-0,"Aeterna 9.5 x 13.4 cm Publica Terrain Organic Patinated Sample Chip, 6 mm",N/A,
Floor & Walls,Board,Finishes sample board,Sample Chip,Monoforma Moonlight,9.5 x 13.4 cm,Silk,6 mm,2,0,0,0,2,9902-2404-0,"Aeterna 9.5 x 13.4 cm Monoforma Moonlight Silk Sample Chip, 6 mm",N/A,
Floor & Walls,,,,,,,,,,,,7,9901-0085-0,"Waterfall Slab Display Kit, 3 Panels",,
Floor & Walls,,,,,,,,,,,,2,9902-2069-0,Waterfall Slab Display Connecter - 6 Panels,,
Floor & Walls,,,,,,,,,,,,1,9902-3098-0,Right Angle Sliding 120 x 280 cm Slab Display - 12 Slab Capacity,,-
Floor & Walls,,,,,,,,,,,,1,9902-3099-0,Left Angle Sliding 120 x 280 cm Slab Display - 12 Slab Capacity,,
Floor & Walls,,,,,,,,,,,,1,9902-3102-0,Right Angle Sliding 160 x 320 cm Slab Display - 12 Slab Capacity,,-
Floor & Walls,,,,,,,,,,,,1,9902-3103-0,Left Angle Sliding 160 x 320 cm Slab Display - 12 Slab Capacity,,
Floor & Walls,,,,,,,,,,,,1,9902-2066-0,Aeterna Sample Tower Display Base 75 Chips,,
Floor & Walls,,,,,,,,,,,,1,9902-2067-0,Aeterna Sintered Stone Sample Table Top Display,,
Floor & Walls,,,,,,,,,,,,2,9902-3105-0,Anatolia 120 x 120 cm Rotating Tile Display - 10 Tile Capacity,,
