base_revision,slot_id,variant_id,face_id,state,evidence,updated_at,revision
1,APS-R1-FLOOR,SKU-8500-0119-0,FACE-ca7b9fa122823afe,reported_installed,"User-provided APS BOM/photos, reviewed 2026-09-09. Selected production image does not identify the exact installed face.",2026-09-10T17:12:48.000Z,1
1,APS-R2-FLOOR,SKU-8500-0145-0,FACE-281bb23f8d5d6ded,reported_installed,"User-provided APS BOM/photos, reviewed 2026-09-09. Selected production image does not identify the exact installed face.",2026-09-10T17:12:48.000Z,1
1,APS-R3-FLOOR,SKU-8500-0148-0,FACE-de7d7f150c823f51,reported_installed,"User-provided APS BOM/photos, reviewed 2026-09-09. Selected production image does not identify the exact installed face.",2026-09-10T17:12:48.000Z,1
1,APS-R4-FLOOR,SKU-8500-0160-0,FACE-b851b9e9fe8779ad,reported_installed,"User-provided APS BOM/photos, reviewed 2026-09-09. Selected production image does not identify the exact installed face.",2026-09-10T17:12:48.000Z,1
1,APS-R5-FLOOR,SKU-8500-0160-0,FACE-b851b9e9fe8779ad,reported_installed,"User-provided APS BOM/photos, reviewed 2026-09-09. Selected production image does not identify the exact installed face.",2026-09-10T17:12:48.000Z,1
1,APS-R6-FLOOR,SKU-8500-0160-0,FACE-b851b9e9fe8779ad,reported_installed,"User-provided APS BOM/photos, reviewed 2026-09-09. Selected production image does not identify the exact installed face.",2026-09-10T17:12:48.000Z,1
1,APS-R7-FLOOR,SKU-8500-0170-0,FACE-1f6619ab9e8e1fae,reported_installed,"User-provided APS BOM/photos, reviewed 2026-09-09. Selected production image does not identify the exact installed face.",2026-09-10T17:12:48.000Z,1
1,APS-R8-FLOOR,SKU-8500-0160-0,FACE-b851b9e9fe8779ad,reported_installed,"User-provided APS BOM/photos, reviewed 2026-09-09. Selected production image does not identify the exact installed face.",2026-09-10T17:12:48.000Z,1
1,APS-H-FLOOR-4.95,SKU-8500-0160-0,FACE-b851b9e9fe8779ad,reported_installed,"User-provided APS BOM/photos, reviewed 2026-09-09. Selected production image does not identify the exact installed face.",2026-09-10T17:12:48.000Z,1
1,APS-H-FLOOR-16.5,SKU-8500-0160-0,FACE-b851b9e9fe8779ad,reported_installed,"User-provided APS BOM/photos, reviewed 2026-09-09. Selected production image does not identify the exact installed face.",2026-09-10T17:12:48.000Z,1
1,APS-R4-SL-01-front,SKU-8000-0467-1,FACE-225c820733166dff,reported_installed,"User-provided APS BOM/photos, reviewed 2026-09-09. Selected production image does not identify the exact installed face.",2026-09-10T17:12:48.000Z,1
1,APS-R4-SL-02-front,SKU-8000-0521-1,,reported_installed,"User-provided APS BOM/photos, reviewed 2026-09-09. Selected production image does not identify the exact installed face.",2026-09-10T17:12:48.000Z,1
1,APS-R4-SL-03-front,SKU-8000-0186-0,,reported_installed,"User-provided APS BOM/photos, reviewed 2026-09-09. Selected production image does not identify the exact installed face.",2026-09-10T17:12:48.000Z,1
1,APS-R4-SL-04-front,SKU-8000-0046-0,FACE-711d1342e552f545,reported_installed,"User-provided APS BOM/photos, reviewed 2026-09-09. Selected production image does not identify the exact installed face.",2026-09-10T17:12:48.000Z,1
1,APS-R4-SL-05-front,SKU-8000-0246-0,,reported_installed,"User-provided APS BOM/photos, reviewed 2026-09-09. Selected production image does not identify the exact installed face.",2026-09-10T17:12:48.000Z,1
1,APS-R4-SL-06-front,SKU-8000-0565-0,,reported_installed,"User-provided APS BOM/photos, reviewed 2026-09-09. Selected production image does not identify the exact installed face.",2026-09-10T17:12:48.000Z,1
1,APS-R4-SL-07-front,SKU-8000-0268-1,,reported_installed,"User-provided APS BOM/photos, reviewed 2026-09-09. Selected production image does not identify the exact installed face.",2026-09-10T17:12:48.000Z,1
1,APS-R4-SL-08-front,SKU-8000-0262-0,,reported_installed,"User-provided APS BOM/photos, reviewed 2026-09-09. Selected production image does not identify the exact installed face.",2026-09-10T17:12:48.000Z,1
1,APS-R4-SL-09-front,SKU-8000-0543-1,FACE-55b7243364dfa65e,reported_installed,"User-provided APS BOM/photos, reviewed 2026-09-09. Selected production image does not identify the exact installed face.",2026-09-10T17:12:48.000Z,1
1,APS-R4-SL-10-front,SKU-8000-0538-0,FACE-b3216a0c9bca0b48,reported_installed,"User-provided APS BOM/photos, reviewed 2026-09-09. Selected production image does not identify the exact installed face.",2026-09-10T17:12:48.000Z,1
1,APS-R4-SL-11-front,SKU-8000-0294-0,,reported_installed,"User-provided APS BOM/photos, reviewed 2026-09-09. Selected production image does not identify the exact installed face.",2026-09-10T17:12:48.000Z,1
1,APS-R4-SL-12-front,SKU-8000-0562-0,,reported_installed,"User-provided APS BOM/photos, reviewed 2026-09-09. Selected production image does not identify the exact installed face.",2026-09-10T17:12:48.000Z,1
1,APS-R4-SL-13-front,SKU-8000-0232-0,,reported_installed,"User-provided APS BOM/photos, reviewed 2026-09-09. Selected production image does not identify the exact installed face.",2026-09-10T17:12:48.000Z,1
1,APS-R4-SL-14-front,SKU-8000-0048-0,FACE-6fe22299e12a1520,reported_installed,"User-provided APS BOM/photos, reviewed 2026-09-09. Selected production image does not identify the exact installed face.",2026-09-10T17:12:48.000Z,1
1,APS-R4-SL-15-front,SKU-8000-0560-0,,reported_installed,"User-provided APS BOM/photos, reviewed 2026-09-09. Selected production image does not identify the exact installed face.",2026-09-10T17:12:48.000Z,1
1,APS-R4-SL-16-front,SKU-8000-0529-0,FACE-a7e4e01a1780225b,reported_installed,"User-provided APS BOM/photos, reviewed 2026-09-09. Selected production image does not identify the exact installed face.",2026-09-10T17:12:48.000Z,1
1,APS-R4-SL-17-front,SKU-8000-0541-1,FACE-7cfb0126898dc78e,reported_installed,"User-provided APS BOM/photos, reviewed 2026-09-09. Selected production image does not identify the exact installed face.",2026-09-10T17:12:48.000Z,1
1,APS-R4-SL-18-front,SKU-8000-0256-0,,reported_installed,"User-provided APS BOM/photos, reviewed 2026-09-09. Selected production image does not identify the exact installed face.",2026-09-10T17:12:48.000Z,1
1,APS-R4-SL-19-front,SKU-8000-0549-0,FACE-4ae36adec8c041fd,reported_installed,"User-provided APS BOM/photos, reviewed 2026-09-09. Selected production image does not identify the exact installed face.",2026-09-10T17:12:48.000Z,1
1,APS-R4-SL-20-front,SKU-8000-0577-0,FACE-b9eb1810fb6122a1,reported_installed,"User-provided APS BOM/photos, reviewed 2026-09-09. Selected production image does not identify the exact installed face.",2026-09-10T17:12:48.000Z,1
1,APS-R4-SL-21-front,SKU-8000-0599-0,FACE-24619747a0c284a5,reported_installed,"User-provided APS BOM/photos, reviewed 2026-09-09. Selected production image does not identify the exact installed face.",2026-09-10T17:12:48.000Z,1
1,APS-R4-SL-22-front,SKU-8000-0519-1,,reported_installed,"User-provided APS BOM/photos, reviewed 2026-09-09. Selected production image does not identify the exact installed face.",2026-09-10T17:12:48.000Z,1
1,APS-R4-SL-23-front,SKU-8000-0463-1,,reported_installed,"User-provided APS BOM/photos, reviewed 2026-09-09. Selected production image does not identify the exact installed face.",2026-09-10T17:12:48.000Z,1
1,APS-R4-SL-24-front,SKU-8000-0476-1,FACE-f95cc55685f7b6fa,reported_installed,"User-provided APS BOM/photos, reviewed 2026-09-09. Selected production image does not identify the exact installed face.",2026-09-10T17:12:48.000Z,1
1,APS-R5-SL-01-front,SKU-8500-0089-0,FACE-4a3228593d486133,reported_installed,"User-provided APS BOM/photos, reviewed 2026-09-09. Selected production image does not identify the exact installed face.",2026-09-10T17:12:48.000Z,1
1,APS-R5-SL-02-front,SKU-8500-0101-0,FACE-4f660778cacc4fdc,reported_installed,"User-provided APS BOM/photos, reviewed 2026-09-09. Selected production image does not identify the exact installed face.",2026-09-10T17:12:48.000Z,1
1,APS-R5-SL-03-front,SKU-8500-0686-0,,reported_installed,"User-provided APS BOM/photos, reviewed 2026-09-09. Selected production image does not identify the exact installed face.",2026-09-10T17:12:48.000Z,1
1,APS-R5-SL-04-front,SKU-8500-0013-1,FACE-f03897f63a6a1479,reported_installed,"User-provided APS BOM/photos, reviewed 2026-09-09. Selected production image does not identify the exact installed face.",2026-09-10T17:12:48.000Z,1
1,APS-R5-SL-05-front,SKU-8500-0053-0,FACE-5e34a5d23d3d103a,reported_installed,"User-provided APS BOM/photos, reviewed 2026-09-09. Selected production image does not identify the exact installed face.",2026-09-10T17:12:48.000Z,1
1,APS-R5-SL-06-front,SKU-8500-0046-0,FACE-e047f8b846834fbc,reported_installed,"User-provided APS BOM/photos, reviewed 2026-09-09. Selected production image does not identify the exact installed face.",2026-09-10T17:12:48.000Z,1
1,APS-R5-SL-07-front,SKU-8500-0033-1,FACE-dfdc4a458cab73de,reported_installed,"User-provided APS BOM/photos, reviewed 2026-09-09. Selected production image does not identify the exact installed face.",2026-09-10T17:12:48.000Z,1
1,APS-R5-SL-08-front,SKU-8500-0018-0,FACE-b26fd46bca4d929f,reported_installed,"User-provided APS BOM/photos, reviewed 2026-09-09. Selected production image does not identify the exact installed face.",2026-09-10T17:12:48.000Z,1
1,APS-R5-SL-09-front,SKU-8500-0074-0,FACE-84bd3abbbede54e6,reported_installed,"User-provided APS BOM/photos, reviewed 2026-09-09. Selected production image does not identify the exact installed face.",2026-09-10T17:12:48.000Z,1
1,APS-R5-SL-10-front,SKU-8500-0041-1,FACE-1973eb28f83049f3,reported_installed,"User-provided APS BOM/photos, reviewed 2026-09-09. Selected production image does not identify the exact installed face.",2026-09-10T17:12:48.000Z,1
1,APS-R5-SL-11-front,SKU-8500-0064-0,,reported_installed,"User-provided APS BOM/photos, reviewed 2026-09-09. Selected production image does not identify the exact installed face.",2026-09-10T17:12:48.000Z,1
1,APS-R5-SL-12-front,SKU-8500-0057-1,FACE-a0406246484c2715,reported_installed,"User-provided APS BOM/photos, reviewed 2026-09-09. Selected production image does not identify the exact installed face.",2026-09-10T17:12:48.000Z,1
1,APS-R5-SL-13-front,SKU-8500-0039-0,FACE-a761454b089c772c,reported_installed,"User-provided APS BOM/photos, reviewed 2026-09-09. Selected production image does not identify the exact installed face.",2026-09-10T17:12:48.000Z,1
1,APS-R5-SL-14-front,SKU-8500-0014-0,FACE-62072a67a09e58ea,reported_installed,"User-provided APS BOM/photos, reviewed 2026-09-09. Selected production image does not identify the exact installed face.",2026-09-10T17:12:48.000Z,1
1,APS-R5-SL-15-front,SKU-8500-0111-0,,reported_installed,"User-provided APS BOM/photos, reviewed 2026-09-09. Selected production image does not identify the exact installed face.",2026-09-10T17:12:48.000Z,1
1,APS-R5-SL-16-front,SKU-8500-0078-0,FACE-d3bc8d2af675f695,reported_installed,"User-provided APS BOM/photos, reviewed 2026-09-09. Selected production image does not identify the exact installed face.",2026-09-10T17:12:48.000Z,1
1,APS-R5-SL-17-front,SKU-8500-0067-0,,reported_installed,"User-provided APS BOM/photos, reviewed 2026-09-09. Selected production image does not identify the exact installed face.",2026-09-10T17:12:48.000Z,1
1,APS-R5-SL-18-front,SKU-8500-0080-0,FACE-d1db2dde772430b7,reported_installed,"User-provided APS BOM/photos, reviewed 2026-09-09. Selected production image does not identify the exact installed face.",2026-09-10T17:12:48.000Z,1
1,APS-R5-SL-19-front,SKU-8500-0042-0,FACE-34775fe0bc465290,reported_installed,"User-provided APS BOM/photos, reviewed 2026-09-09. Selected production image does not identify the exact installed face.",2026-09-10T17:12:48.000Z,1
1,APS-R5-SL-20-front,SKU-8500-0027-1,FACE-4d6b7c9a6697ed1d,reported_installed,"User-provided APS BOM/photos, reviewed 2026-09-09. Selected production image does not identify the exact installed face.",2026-09-10T17:12:48.000Z,1
1,APS-R5-SL-21-front,SKU-8500-0045-0,FACE-fa3bd90cb7d18bd8,reported_installed,"User-provided APS BOM/photos, reviewed 2026-09-09. Selected production image does not identify the exact installed face.",2026-09-10T17:12:48.000Z,1
1,APS-R5-SL-22-front,SKU-8500-0092-0,FACE-dbbac814d1c415a9,reported_installed,"User-provided APS BOM/photos, reviewed 2026-09-09. Selected production image does not identify the exact installed face.",2026-09-10T17:12:48.000Z,1
1,APS-R5-SL-23-front,SKU-8500-0063-0,,reported_installed,"User-provided APS BOM/photos, reviewed 2026-09-09. Selected production image does not identify the exact installed face.",2026-09-10T17:12:48.000Z,1
1,APS-R5-SL-24-front,SKU-8500-0049-0,FACE-331a9a66fd9f1e97,reported_installed,"User-provided APS BOM/photos, reviewed 2026-09-09. Selected production image does not identify the exact installed face.",2026-09-10T17:12:48.000Z,1
1,APS-H-FX-01-front,SKU-8000-0196-0,FACE-fa52d136684e16b3,reported_installed,"User-provided APS BOM/photos, reviewed 2026-09-09. Selected production image does not identify the exact installed face.",2026-09-10T17:12:48.000Z,1
1,APS-H-FX-01-back,SKU-8000-0244-1,,reported_installed,"User-provided APS BOM/photos, reviewed 2026-09-09. Selected production image does not identify the exact installed face.",2026-09-10T17:12:48.000Z,1
1,APS-H-FX-02-front,SKU-8000-0466-2,FACE-2e98fc5b7e8e648d,reported_installed,"User-provided APS BOM/photos, reviewed 2026-09-09. Selected production image does not identify the exact installed face.",2026-09-10T17:12:48.000Z,1
1,APS-H-FX-02-back,SKU-8000-0442-1,FACE-462a382d802ab69f,reported_installed,"User-provided APS BOM/photos, reviewed 2026-09-09. Selected production image does not identify the exact installed face.",2026-09-10T17:12:48.000Z,1
1,APS-H-FX-03-front,SKU-8000-0014-0,FACE-b1bc1fc6f0c04500,reported_installed,"User-provided APS BOM/photos, reviewed 2026-09-09. Selected production image does not identify the exact installed face.",2026-09-10T17:12:48.000Z,1
1,APS-H-FX-03-back,SKU-8000-0436-1,FACE-405c72c929a6a027,reported_installed,"User-provided APS BOM/photos, reviewed 2026-09-09. Selected production image does not identify the exact installed face.",2026-09-10T17:12:48.000Z,1
1,APS-H-FX-04-front,SKU-8000-0194-0,FACE-31109af21b2ff410,reported_installed,"User-provided APS BOM/photos, reviewed 2026-09-09. Selected production image does not identify the exact installed face.",2026-09-10T17:12:48.000Z,1
1,APS-H-FX-04-back,SKU-8000-0250-0,,reported_installed,"User-provided APS BOM/photos, reviewed 2026-09-09. Selected production image does not identify the exact installed face.",2026-09-10T17:12:48.000Z,1
1,APS-H-FX-05-front,SKU-8000-0156-1,FACE-415e421d8e70c9f4,reported_installed,"User-provided APS BOM/photos, reviewed 2026-09-09. Selected production image does not identify the exact installed face.",2026-09-10T17:12:48.000Z,1
1,APS-H-FX-05-back,SKU-8000-0574-0,FACE-f4ce9b945e53ab03,reported_installed,"User-provided APS BOM/photos, reviewed 2026-09-09. Selected production image does not identify the exact installed face.",2026-09-10T17:12:48.000Z,1
1,APS-H-FX-06-front,SKU-8000-0590-0,FACE-2903db48808478cd,reported_installed,"User-provided APS BOM/photos, reviewed 2026-09-09. Selected production image does not identify the exact installed face.",2026-09-10T17:12:48.000Z,1
1,APS-H-FX-06-back,SKU-8000-0578-0,FACE-f5ca88ffda609013,reported_installed,"User-provided APS BOM/photos, reviewed 2026-09-09. Selected production image does not identify the exact installed face.",2026-09-10T17:12:48.000Z,1
1,APS-H-FX-07-front,SKU-8000-0590-0,FACE-fb031c2b733d4525,reported_installed,"User-provided APS BOM/photos, reviewed 2026-09-09. Selected production image does not identify the exact installed face.",2026-09-10T17:12:48.000Z,1
1,APS-H-FX-07-back,SKU-8000-0238-0,FACE-9376c4d5fc9f50b8,reported_installed,"User-provided APS BOM/photos, reviewed 2026-09-09. Selected production image does not identify the exact installed face.",2026-09-10T17:12:48.000Z,1
1,APS-H-FX-08-front,SKU-8000-0270-1,,reported_installed,"User-provided APS BOM/photos, reviewed 2026-09-09. Selected production image does not identify the exact installed face.",2026-09-10T17:12:48.000Z,1
1,APS-H-FX-08-back,SKU-8000-0050-0,FACE-6fe22299e12a1520,reported_installed,"User-provided APS BOM/photos, reviewed 2026-09-09. Selected production image does not identify the exact installed face.",2026-09-10T17:12:48.000Z,1
1,APS-H-FX-09-front,SKU-8000-0596-0,FACE-369bffef740b8b50,reported_installed,"User-provided APS BOM/photos, reviewed 2026-09-09. Selected production image does not identify the exact installed face.",2026-09-10T17:12:48.000Z,1
1,APS-H-FX-09-back,SKU-8000-0180-0,FACE-a9e6ba5e1237df86,reported_installed,"User-provided APS BOM/photos, reviewed 2026-09-09. Selected production image does not identify the exact installed face.",2026-09-10T17:12:48.000Z,1
1,APS-H-FX-10-front,SKU-8000-0202-0,FACE-4f9132aa93270c57,reported_installed,"User-provided APS BOM/photos, reviewed 2026-09-09. Selected production image does not identify the exact installed face.",2026-09-10T17:12:48.000Z,1
1,APS-H-FX-10-back,SKU-8000-0521-1,,reported_installed,"User-provided APS BOM/photos, reviewed 2026-09-09. Selected production image does not identify the exact installed face.",2026-09-10T17:12:48.000Z,1
1,APS-H-FX-11-front,SKU-8000-0184-0,,reported_installed,"User-provided APS BOM/photos, reviewed 2026-09-09. Selected production image does not identify the exact installed face.",2026-09-10T17:12:48.000Z,1
1,APS-H-FX-11-back,SKU-8000-0564-0,,reported_installed,"User-provided APS BOM/photos, reviewed 2026-09-09. Selected production image does not identify the exact installed face.",2026-09-10T17:12:48.000Z,1
1,APS-H-FX-12-front,SKU-8000-0441-1,FACE-9e35971f7cf1a58b,reported_installed,"User-provided APS BOM/photos, reviewed 2026-09-09. Selected production image does not identify the exact installed face.",2026-09-10T17:12:48.000Z,1
1,APS-H-FX-12-back,SKU-8000-0539-1,FACE-d3e84c4c352270f0,reported_installed,"User-provided APS BOM/photos, reviewed 2026-09-09. Selected production image does not identify the exact installed face.",2026-09-10T17:12:48.000Z,1
1,APS-H-FX-13-front,SKU-8000-0260-0,,reported_installed,"User-provided APS BOM/photos, reviewed 2026-09-09. Selected production image does not identify the exact installed face.",2026-09-10T17:12:48.000Z,1
1,APS-H-FX-13-back,SKU-8000-0208-0,FACE-5763488e66bf100d,reported_installed,"User-provided APS BOM/photos, reviewed 2026-09-09. Selected production image does not identify the exact installed face.",2026-09-10T17:12:48.000Z,1
1,APS-H-FX-14-front,SKU-8000-0278-1,,reported_installed,"User-provided APS BOM/photos, reviewed 2026-09-09. Selected production image does not identify the exact installed face.",2026-09-10T17:12:48.000Z,1
1,APS-H-FX-14-back,SKU-8000-0224-1,,reported_installed,"User-provided APS BOM/photos, reviewed 2026-09-09. Selected production image does not identify the exact installed face.",2026-09-10T17:12:48.000Z,1
1,APS-H-FX-15-front,SKU-8000-0168-1,,reported_installed,"User-provided APS BOM/photos, reviewed 2026-09-09. Selected production image does not identify the exact installed face.",2026-09-10T17:12:48.000Z,1
1,APS-H-FX-15-back,SKU-8000-0258-0,,reported_installed,"User-provided APS BOM/photos, reviewed 2026-09-09. Selected production image does not identify the exact installed face.",2026-09-10T17:12:48.000Z,1
1,APS-H-FX-16-front,SKU-8000-0044-1,FACE-711d1342e552f545,reported_installed,"User-provided APS BOM/photos, reviewed 2026-09-09. Selected production image does not identify the exact installed face.",2026-09-10T17:12:48.000Z,1
1,APS-H-FX-16-back,SKU-8000-0411-0,FACE-4af0ef7300403ff4,reported_installed,"User-provided APS BOM/photos, reviewed 2026-09-09. Selected production image does not identify the exact installed face.",2026-09-10T17:12:48.000Z,1
1,APS-H-FX-17-front,SKU-8000-0603-0,FACE-12b67feefe85e781,reported_installed,"User-provided APS BOM/photos, reviewed 2026-09-09. Selected production image does not identify the exact installed face.",2026-09-10T17:12:48.000Z,1
1,APS-H-FX-17-back,SKU-8000-0434-2,FACE-ca2998a8294e7e0e,reported_installed,"User-provided APS BOM/photos, reviewed 2026-09-09. Selected production image does not identify the exact installed face.",2026-09-10T17:12:48.000Z,1
1,APS-H-FX-18-front,SKU-8000-0264-1,,reported_installed,"User-provided APS BOM/photos, reviewed 2026-09-09. Selected production image does not identify the exact installed face.",2026-09-10T17:12:48.000Z,1
1,APS-H-FX-18-back,SKU-8000-0254-0,FACE-2c87b03f0c93afb7,reported_installed,"User-provided APS BOM/photos, reviewed 2026-09-09. Selected production image does not identify the exact installed face.",2026-09-10T17:12:48.000Z,1
1,APS-H-FX-19-front,SKU-8000-0604-0,FACE-1b5bfd0ac7bd34df,reported_installed,"User-provided APS BOM/photos, reviewed 2026-09-09. Selected production image does not identify the exact installed face.",2026-09-10T17:12:48.000Z,1
1,APS-H-FX-19-back,SKU-8000-0254-0,FACE-34775fe0bc465290,reported_installed,"User-provided APS BOM/photos, reviewed 2026-09-09. Selected production image does not identify the exact installed face.",2026-09-10T17:12:48.000Z,1
1,APS-H-FX-20-front,SKU-8000-0068-1,FACE-ab1e8e066e2b89dc,reported_installed,"User-provided APS BOM/photos, reviewed 2026-09-09. Selected production image does not identify the exact installed face.",2026-09-10T17:12:48.000Z,1
1,APS-H-FX-20-back,SKU-8000-0272-0,FACE-7d5d0cb674c61160,reported_installed,"User-provided APS BOM/photos, reviewed 2026-09-09. Selected production image does not identify the exact installed face.",2026-09-10T17:12:48.000Z,1
1,APS-H-FX-21-front,SKU-8000-0152-1,FACE-77506899868c4be6,reported_installed,"User-provided APS BOM/photos, reviewed 2026-09-09. Selected production image does not identify the exact installed face.",2026-09-10T17:12:48.000Z,1
1,APS-H-FX-21-back,SKU-8000-0084-2,FACE-14e116661bf29767,reported_installed,"User-provided APS BOM/photos, reviewed 2026-09-09. Selected production image does not identify the exact installed face.",2026-09-10T17:12:48.000Z,1
1,APS-H-FX-22-front,SKU-8000-0438-1,FACE-470a34deaf286587,reported_installed,"User-provided APS BOM/photos, reviewed 2026-09-09. Selected production image does not identify the exact installed face.",2026-09-10T17:12:48.000Z,1
1,APS-H-FX-22-back,SKU-8000-0108-1,FACE-29090420dc8ff209,reported_installed,"User-provided APS BOM/photos, reviewed 2026-09-09. Selected production image does not identify the exact installed face.",2026-09-10T17:12:48.000Z,1
1,APS-H-FX-23-front,SKU-8000-0554-1,FACE-28b75043cc955e99,reported_installed,"User-provided APS BOM/photos, reviewed 2026-09-09. Selected production image does not identify the exact installed face.",2026-09-10T17:12:48.000Z,1
1,APS-H-FX-23-back,SKU-8000-0036-0,FACE-466d84fafd819fcf,reported_installed,"User-provided APS BOM/photos, reviewed 2026-09-09. Selected production image does not identify the exact installed face.",2026-09-10T17:12:48.000Z,1
1,APS-H-FX-24-front,SKU-8000-0545-1,FACE-fafc6c7b2ff4db4e,reported_installed,"User-provided APS BOM/photos, reviewed 2026-09-09. Selected production image does not identify the exact installed face.",2026-09-10T17:12:48.000Z,1
1,APS-H-FX-24-back,SKU-8000-0530-0,FACE-46b33e79dc6a089e,reported_installed,"User-provided APS BOM/photos, reviewed 2026-09-09. Selected production image does not identify the exact installed face.",2026-09-10T17:12:48.000Z,1
1,APS-R6-WF-01-front,SKU-8500-0083-0,FACE-3461248c86ace682,reported_installed,"User-provided APS BOM/photos, reviewed 2026-09-09. Selected production image does not identify the exact installed face.",2026-09-10T17:12:48.000Z,1
1,APS-R6-WF-02-front,SKU-8500-0095-0,FACE-8bcb0bc6ac60664e,reported_installed,"User-provided APS BOM/photos, reviewed 2026-09-09. Selected production image does not identify the exact installed face.",2026-09-10T17:12:48.000Z,1
1,APS-R6-WF-03-front,SKU-8500-0031-0,FACE-021d2651e7af768b,reported_installed,"User-provided APS BOM/photos, reviewed 2026-09-09. Selected production image does not identify the exact installed face.",2026-09-10T17:12:48.000Z,1
1,APS-R6-WF-04-front,SKU-8500-0037-0,FACE-ca17e0fd914ce29c,reported_installed,"User-provided APS BOM/photos, reviewed 2026-09-09. Selected production image does not identify the exact installed face.",2026-09-10T17:12:48.000Z,1
1,APS-R6-WF-05-front,SKU-8500-0070-1,FACE-cf596b535a85f79f,reported_installed,"User-provided APS BOM/photos, reviewed 2026-09-09. Selected production image does not identify the exact installed face.",2026-09-10T17:12:48.000Z,1
1,APS-R6-WF-06-front,SKU-8500-0051-1,FACE-edde7173192af3f1,reported_installed,"User-provided APS BOM/photos, reviewed 2026-09-09. Selected production image does not identify the exact installed face.",2026-09-10T17:12:48.000Z,1
1,APS-R6-WF-07-front,SKU-8500-0113-0,,reported_installed,"User-provided APS BOM/photos, reviewed 2026-09-09. Selected production image does not identify the exact installed face.",2026-09-10T17:12:48.000Z,1
1,APS-R6-WF-08-front,SKU-8500-0035-1,FACE-ce0c8d160a409304,reported_installed,"User-provided APS BOM/photos, reviewed 2026-09-09. Selected production image does not identify the exact installed face.",2026-09-10T17:12:48.000Z,1
1,APS-R6-WF-09-front,SKU-8500-0028-1,FACE-87f46452620e6c35,reported_installed,"User-provided APS BOM/photos, reviewed 2026-09-09. Selected production image does not identify the exact installed face.",2026-09-10T17:12:48.000Z,1
1,APS-R6-WF-10-front,SKU-8500-0023-0,FACE-51d35483c3a12689,reported_installed,"User-provided APS BOM/photos, reviewed 2026-09-09. Selected production image does not identify the exact installed face.",2026-09-10T17:12:48.000Z,1
1,APS-R6-WF-11-front,SKU-8500-0052-0,FACE-a65a802b57bf37c5,reported_installed,"User-provided APS BOM/photos, reviewed 2026-09-09. Selected production image does not identify the exact installed face.",2026-09-10T17:12:48.000Z,1
1,APS-R6-WF-12-front,SKU-8500-0086-0,FACE-0be22eacd0b8b43b,reported_installed,"User-provided APS BOM/photos, reviewed 2026-09-09. Selected production image does not identify the exact installed face.",2026-09-10T17:12:48.000Z,1
1,APS-R6-WF-13-front,SKU-8500-0098-0,FACE-695b76277647d3d7,reported_installed,"User-provided APS BOM/photos, reviewed 2026-09-09. Selected production image does not identify the exact installed face.",2026-09-10T17:12:48.000Z,1
1,APS-R6-WF-14-front,SKU-8500-0631-0,,reported_installed,"User-provided APS BOM/photos, reviewed 2026-09-09. Selected production image does not identify the exact installed face.",2026-09-10T17:12:48.000Z,1
1,APS-R6-WF-15-front,SKU-8500-0076-0,FACE-629584a5c74e0c2e,reported_installed,"User-provided APS BOM/photos, reviewed 2026-09-09. Selected production image does not identify the exact installed face.",2026-09-10T17:12:48.000Z,1
1,APS-R6-WF-16-front,SKU-8500-0069-0,FACE-3337ed067aaa62af,reported_installed,"User-provided APS BOM/photos, reviewed 2026-09-09. Selected production image does not identify the exact installed face.",2026-09-10T17:12:48.000Z,1
1,APS-R6-WF-17-front,SKU-8500-0058-0,FACE-2fea2b32fdd5870b,reported_installed,"User-provided APS BOM/photos, reviewed 2026-09-09. Selected production image does not identify the exact installed face.",2026-09-10T17:12:48.000Z,1
1,APS-R6-WF-18-front,SKU-8500-0072-1,FACE-874f6ffa369afe67,reported_installed,"User-provided APS BOM/photos, reviewed 2026-09-09. Selected production image does not identify the exact installed face.",2026-09-10T17:12:48.000Z,1
1,APS-R6-WF-19-front,SKU-8500-0061-0,FACE-e1852d0e406e9e05,reported_installed,"User-provided APS BOM/photos, reviewed 2026-09-09. Selected production image does not identify the exact installed face.",2026-09-10T17:12:48.000Z,1
1,APS-R6-WF-20-front,SKU-8500-0059-0,FACE-43478b062fc4111f,reported_installed,"User-provided APS BOM/photos, reviewed 2026-09-09. Selected production image does not identify the exact installed face.",2026-09-10T17:12:48.000Z,1
1,APS-R6-WF-21-front,SKU-8500-0017-0,FACE-d4328bba18cb661f,reported_installed,"User-provided APS BOM/photos, reviewed 2026-09-09. Selected production image does not identify the exact installed face.",2026-09-10T17:12:48.000Z,1
1,APS-R8-RT-1-1-front,SKU-8500-0152-0,,reported_installed,"User-provided APS BOM/photos, reviewed 2026-09-09. Selected production image does not identify the exact installed face.",2026-09-10T17:12:48.000Z,1
1,APS-R8-RT-1-1-back,SKU-8500-0643-0,FACE-9f6eb5782bda615c,reported_installed,"User-provided APS BOM/photos, reviewed 2026-09-09. Selected production image does not identify the exact installed face.",2026-09-10T17:12:48.000Z,1
1,APS-R8-RT-1-2-front,SKU-8500-0156-0,,reported_installed,"User-provided APS BOM/photos, reviewed 2026-09-09. Selected production image does not identify the exact installed face.",2026-09-10T17:12:48.000Z,1
1,APS-R8-RT-1-2-back,SKU-8500-0134-0,FACE-86216d2d6f3c7c07,reported_installed,"User-provided APS BOM/photos, reviewed 2026-09-09. Selected production image does not identify the exact installed face.",2026-09-10T17:12:48.000Z,1
1,APS-R8-RT-1-3-front,SKU-8500-0131-0,FACE-e9e68c84fd430fc4,reported_installed,"User-provided APS BOM/photos, reviewed 2026-09-09. Selected production image does not identify the exact installed face.",2026-09-10T17:12:48.000Z,1
1,APS-R8-RT-1-3-back,SKU-8500-0174-0,FACE-a96621a846f3c5ee,reported_installed,"User-provided APS BOM/photos, reviewed 2026-09-09. Selected production image does not identify the exact installed face.",2026-09-10T17:12:48.000Z,1
1,APS-R8-RT-1-4-front,SKU-8500-0129-0,FACE-df7641fba5531d64,reported_installed,"User-provided APS BOM/photos, reviewed 2026-09-09. Selected production image does not identify the exact installed face.",2026-09-10T17:12:48.000Z,1
1,APS-R8-RT-1-4-back,SKU-8500-0180-0,FACE-e2337c46c6c15b9a,reported_installed,"User-provided APS BOM/photos, reviewed 2026-09-09. Selected production image does not identify the exact installed face.",2026-09-10T17:12:48.000Z,1
1,APS-R8-RT-1-5-front,SKU-8500-0136-0,FACE-d1ce44525372cab6,reported_installed,"User-provided APS BOM/photos, reviewed 2026-09-09. Selected production image does not identify the exact installed face.",2026-09-10T17:12:48.000Z,1
1,APS-R8-RT-1-5-back,SKU-8500-0177-0,FACE-a7a1a6b8d7bebbd9,reported_installed,"User-provided APS BOM/photos, reviewed 2026-09-09. Selected production image does not identify the exact installed face.",2026-09-10T17:12:48.000Z,1
1,APS-R8-RT-2-1-front,SKU-8500-0688-0,,reported_installed,"User-provided APS BOM/photos, reviewed 2026-09-09. Selected production image does not identify the exact installed face.",2026-09-10T17:12:48.000Z,1
1,APS-R8-RT-2-1-back,SKU-8500-0146-0,FACE-40c45a728f1cb4d2,reported_installed,"User-provided APS BOM/photos, reviewed 2026-09-09. Selected production image does not identify the exact installed face.",2026-09-10T17:12:48.000Z,1
1,APS-R8-RT-2-2-front,SKU-8500-0154-0,,reported_installed,"User-provided APS BOM/photos, reviewed 2026-09-09. Selected production image does not identify the exact installed face.",2026-09-10T17:12:48.000Z,1
1,APS-R8-RT-2-2-back,SKU-8500-0138-0,FACE-dd3fcf10a8caccc0,reported_installed,"User-provided APS BOM/photos, reviewed 2026-09-09. Selected production image does not identify the exact installed face.",2026-09-10T17:12:48.000Z,1
1,APS-R8-RT-2-3-front,SKU-8500-0122-0,FACE-323a7815c7c90037,reported_installed,"User-provided APS BOM/photos, reviewed 2026-09-09. Selected production image does not identify the exact installed face.",2026-09-10T17:12:48.000Z,1
1,APS-R8-RT-2-3-back,SKU-8500-0121-0,FACE-3248b7d4f0260312,reported_installed,"User-provided APS BOM/photos, reviewed 2026-09-09. Selected production image does not identify the exact installed face.",2026-09-10T17:12:48.000Z,1
1,APS-R8-RT-2-4-front,SKU-8500-0133-0,FACE-06097762ba4b717a,reported_installed,"User-provided APS BOM/photos, reviewed 2026-09-09. Selected production image does not identify the exact installed face.",2026-09-10T17:12:48.000Z,1
1,APS-R8-RT-2-4-back,SKU-8500-0167-0,FACE-2febd618a339006f,reported_installed,"User-provided APS BOM/photos, reviewed 2026-09-09. Selected production image does not identify the exact installed face.",2026-09-10T17:12:48.000Z,1
1,APS-R8-RT-2-5-front,SKU-8500-0124-0,FACE-5f02a15284dc3f7b,reported_installed,"User-provided APS BOM/photos, reviewed 2026-09-09. Selected production image does not identify the exact installed face.",2026-09-10T17:12:48.000Z,1
1,APS-R8-RT-2-5-back,SKU-8500-0165-0,FACE-e10f34096328f889,reported_installed,"User-provided APS BOM/photos, reviewed 2026-09-09. Selected production image does not identify the exact installed face.",2026-09-10T17:12:48.000Z,1
1,APS-R3-APP-14,SKU-8000-0551-0,FACE-18a5658b86d7925d,reported_installed,"User-provided APS BOM/photos, reviewed 2026-09-09. Selected production image does not identify the exact installed face.",2026-09-10T17:12:48.000Z,1
1,APS-R3-APP-15,SKU-8000-0290-0,FACE-415e421d8e70c9f4,reported_installed,"User-provided APS BOM/photos, reviewed 2026-09-09. Selected production image does not identify the exact installed face.",2026-09-10T17:12:48.000Z,1
1,APS-R3-APP-16,SKU-8000-0306-9,FACE-8246d7843d728f43,reported_installed,"User-provided APS BOM/photos, reviewed 2026-09-09. Selected production image does not identify the exact installed face.",2026-09-10T17:12:48.000Z,1
1,APS-R2-APP-10,SKU-8000-0558-0,FACE-695b76277647d3d7,reported_installed,"User-provided APS BOM/photos, reviewed 2026-09-09. Selected production image does not identify the exact installed face.",2026-09-10T17:12:48.000Z,1
1,APS-R2-APP-11,SKU-8500-0050-1,FACE-ae9f0a9a7ca21408,reported_installed,"User-provided APS BOM/photos, reviewed 2026-09-09. Selected production image does not identify the exact installed face.",2026-09-10T17:12:48.000Z,1
1,APS-R1-APP-7,SKU-8000-0282-0,FACE-defa8ce02f5aae5f,reported_installed,"User-provided APS BOM/photos, reviewed 2026-09-09. Selected production image does not identify the exact installed face.",2026-09-10T17:12:48.000Z,1
1,APS-R1-APP-8,SKU-8000-0036-0,FACE-a1c33c1b72f0ec11,reported_installed,"User-provided APS BOM/photos, reviewed 2026-09-09. Selected production image does not identify the exact installed face.",2026-09-10T17:12:48.000Z,1
1,APS-R4-APP-18,SKU-8000-0236-0,FACE-ab8991d70bc0ba98,reported_installed,"User-provided APS BOM/photos, reviewed 2026-09-09. Selected production image does not identify the exact installed face.",2026-09-10T17:12:48.000Z,1
1,APS-R6-APP-26,SKU-8500-0019-1,FACE-b26fd46bca4d929f,reported_installed,"User-provided APS BOM/photos, reviewed 2026-09-09. Selected production image does not identify the exact installed face.",2026-09-10T17:12:48.000Z,1
1,APS-R7-APP-27,SKU-8500-0052-0,FACE-626aa51fd6240982,reported_installed,"User-provided APS BOM/photos, reviewed 2026-09-09. Selected production image does not identify the exact installed face.",2026-09-10T17:12:48.000Z,1
1,APS-R8-APP-28,SKU-8000-0210-0,FACE-5763488e66bf100d,reported_installed,"User-provided APS BOM/photos, reviewed 2026-09-09. Selected production image does not identify the exact installed face.",2026-09-10T17:12:48.000Z,1
1,APS-R3-APP-17,SKU-8000-0140-1,FACE-fa3bd90cb7d18bd8,reported_installed,"User-provided APS BOM/photos, reviewed 2026-09-09. Selected production image does not identify the exact installed face.",2026-09-10T17:12:48.000Z,1
1,APS-R2-APP-13,SKU-8000-0500-1,FACE-7b80035331c1e68d,reported_installed,"User-provided APS BOM/photos, reviewed 2026-09-09. Selected production image does not identify the exact installed face.",2026-09-10T17:12:48.000Z,1
1,APS-R2-APP-12,SKU-8000-0574-0,FACE-f4ce9b945e53ab03,reported_installed,"User-provided APS BOM/photos, reviewed 2026-09-09. Selected production image does not identify the exact installed face.",2026-09-10T17:12:48.000Z,1
1,APS-R1-APP-9,SKU-8000-0493-1,FACE-1b5bfd0ac7bd34df,reported_installed,"User-provided APS BOM/photos, reviewed 2026-09-09. Selected production image does not identify the exact installed face.",2026-09-10T17:12:48.000Z,1
1,APS-R7-KITCHEN-TOP,PHOTO-VERDI-KITCHEN,FACE-fa6b452e4b1bfa90,reported_installed,"User-provided APS BOM/photos, reviewed 2026-09-09. Selected production image does not identify the exact installed face.",2026-09-10T17:12:48.000Z,1
1,APS-R4-SAMPLE-TOWER,,,capacity_only,"User-provided APS BOM/photos, reviewed 2026-09-09. Selected production image does not identify the exact installed face.",2026-09-10T17:12:48.000Z,1
1,APS-R3-SAMPLE-0,SKU-9902-2325-0,FACE-d62cc5948e6cc8ea,reported_installed,"User-provided APS BOM/photos, reviewed 2026-09-09. Selected production image does not identify the exact installed face.",2026-09-10T17:12:48.000Z,1
1,APS-R3-SAMPLE-1,SKU-9902-2326-0,FACE-041a9a8a776077e5,reported_installed,"User-provided APS BOM/photos, reviewed 2026-09-09. Selected production image does not identify the exact installed face.",2026-09-10T17:12:48.000Z,1
1,APS-R3-SAMPLE-2,SKU-9902-2327-0,FACE-e41776410400ae6b,reported_installed,"User-provided APS BOM/photos, reviewed 2026-09-09. Selected production image does not identify the exact installed face.",2026-09-10T17:12:48.000Z,1
1,APS-R3-SAMPLE-3,SKU-9902-2383-0,FACE-fafc6c7b2ff4db4e,reported_installed,"User-provided APS BOM/photos, reviewed 2026-09-09. Selected production image does not identify the exact installed face.",2026-09-10T17:12:48.000Z,1
1,APS-R3-SAMPLE-4,SKU-9902-2415-0,FACE-3461248c86ace682,reported_installed,"User-provided APS BOM/photos, reviewed 2026-09-09. Selected production image does not identify the exact installed face.",2026-09-10T17:12:48.000Z,1
1,APS-R3-SAMPLE-5,SKU-9902-2384-0,FACE-a96621a846f3c5ee,reported_installed,"User-provided APS BOM/photos, reviewed 2026-09-09. Selected production image does not identify the exact installed face.",2026-09-10T17:12:48.000Z,1
1,APS-R3-SAMPLE-6,SKU-9902-2372-0,FACE-7c678643b8a8e17f,reported_installed,"User-provided APS BOM/photos, reviewed 2026-09-09. Selected production image does not identify the exact installed face.",2026-09-10T17:12:48.000Z,1
1,APS-R3-SAMPLE-7,SKU-9902-2402-0,,reported_installed,"User-provided APS BOM/photos, reviewed 2026-09-09. Selected production image does not identify the exact installed face.",2026-09-10T17:12:48.000Z,1
1,APS-R3-SAMPLE-8,SKU-9902-2404-0,,reported_installed,"User-provided APS BOM/photos, reviewed 2026-09-09. Selected production image does not identify the exact installed face.",2026-09-10T17:12:48.000Z,1
1,APS-R5-SUB-0,SKU-8500-0034-1,FACE-89c775446a27d6ae,reported_installed,"User-provided APS BOM/photos, reviewed 2026-09-09. Selected production image does not identify the exact installed face.",2026-09-10T17:12:48.000Z,1
1,APS-R5-SUB-1,SKU-8500-0530-0,FACE-288fcb08f33f5093,reported_installed,"User-provided APS BOM/photos, reviewed 2026-09-09. Selected production image does not identify the exact installed face.",2026-09-10T17:12:48.000Z,1
1,APS-R5-SUB-2,SKU-8500-0135-0,FACE-86216d2d6f3c7c07,reported_installed,"User-provided APS BOM/photos, reviewed 2026-09-09. Selected production image does not identify the exact installed face.",2026-09-10T17:12:48.000Z,1
1,APS-R5-SUB-3,SKU-8510-0009-0,FACE-4af0ef7300403ff4,reported_installed,"User-provided APS BOM/photos, reviewed 2026-09-09. Selected production image does not identify the exact installed face.",2026-09-10T17:12:48.000Z,1
1,APS-R5-SUB-4,SKU-8500-0295-0,FACE-d254f8c26e8904f4,reported_installed,"User-provided APS BOM/photos, reviewed 2026-09-09. Selected production image does not identify the exact installed face.",2026-09-10T17:12:48.000Z,1
1,APS-R5-SUB-5,SKU-8500-0405-0,FACE-e41776410400ae6b,reported_installed,"User-provided APS BOM/photos, reviewed 2026-09-09. Selected production image does not identify the exact installed face.",2026-09-10T17:12:48.000Z,1
1,APS-R5-SUB-6,SKU-8500-0602-0,FACE-c988e66be1d0fac4,reported_installed,"User-provided APS BOM/photos, reviewed 2026-09-09. Selected production image does not identify the exact installed face.",2026-09-10T17:12:48.000Z,1
1,APS-R8-SUB-0,SKU-8500-0176-0,FACE-0be22eacd0b8b43b,reported_installed,"User-provided APS BOM/photos, reviewed 2026-09-09. Selected production image does not identify the exact installed face.",2026-09-10T17:12:48.000Z,1
1,APS-R8-SUB-1,SKU-8500-0179-0,FACE-1f62c9b3ce809c49,reported_installed,"User-provided APS BOM/photos, reviewed 2026-09-09. Selected production image does not identify the exact installed face.",2026-09-10T17:12:48.000Z,1
1,APS-R8-SUB-2,SKU-8500-0173-0,FACE-fafc6c7b2ff4db4e,reported_installed,"User-provided APS BOM/photos, reviewed 2026-09-09. Selected production image does not identify the exact installed face.",2026-09-10T17:12:48.000Z,1
1,APS-R8-SUB-3,SKU-8500-0170-0,FACE-1f6619ab9e8e1fae,reported_installed,"User-provided APS BOM/photos, reviewed 2026-09-09. Selected production image does not identify the exact installed face.",2026-09-10T17:12:48.000Z,1
1,APS-R8-SUB-4,SKU-8500-0462-0,FACE-560a7cb23cfbf291,reported_installed,"User-provided APS BOM/photos, reviewed 2026-09-09. Selected production image does not identify the exact installed face.",2026-09-10T17:12:48.000Z,1
1,APS-R8-SUB-5,SKU-8500-0468-0,FACE-ad894e9dc38a17e5,reported_installed,"User-provided APS BOM/photos, reviewed 2026-09-09. Selected production image does not identify the exact installed face.",2026-09-10T17:12:48.000Z,1
1,APS-R8-SUB-6,SKU-8500-0480-0,FACE-695b76277647d3d7,reported_installed,"User-provided APS BOM/photos, reviewed 2026-09-09. Selected production image does not identify the exact installed face.",2026-09-10T17:12:48.000Z,1
1,APS-R8-SUB-7,SKU-8500-0474-0,FACE-9b1c784af8048f4f,reported_installed,"User-provided APS BOM/photos, reviewed 2026-09-09. Selected production image does not identify the exact installed face.",2026-09-10T17:12:48.000Z,1
1,APS-R8-SUB-8,SKU-8500-0162-0,FACE-5bb0f04b347a17a6,reported_installed,"User-provided APS BOM/photos, reviewed 2026-09-09. Selected production image does not identify the exact installed face.",2026-09-10T17:12:48.000Z,1
1,APS-R8-SUB-9,SKU-8500-0168-0,FACE-18eaf40a7e82f83a,reported_installed,"User-provided APS BOM/photos, reviewed 2026-09-09. Selected production image does not identify the exact installed face.",2026-09-10T17:12:48.000Z,1
1,APS-R8-SUB-10,SKU-8500-0160-0,FACE-b851b9e9fe8779ad,reported_installed,"User-provided APS BOM/photos, reviewed 2026-09-09. Selected production image does not identify the exact installed face.",2026-09-10T17:12:48.000Z,1
1,APS-R8-SUB-11,SKU-8500-0166-0,FACE-2febd618a339006f,reported_installed,"User-provided APS BOM/photos, reviewed 2026-09-09. Selected production image does not identify the exact installed face.",2026-09-10T17:12:48.000Z,1
1,APS-R8-SUB-12,SKU-8500-0164-0,FACE-e10f34096328f889,reported_installed,"User-provided APS BOM/photos, reviewed 2026-09-09. Selected production image does not identify the exact installed face.",2026-09-10T17:12:48.000Z,1
1,APS-R8-SUB-13,SKU-8500-0158-0,FACE-c5ea17212f511a04,reported_installed,"User-provided APS BOM/photos, reviewed 2026-09-09. Selected production image does not identify the exact installed face.",2026-09-10T17:12:48.000Z,1
