base_revision,id,product_id,sku,finish,width_mm,height_mm,thickness_mm,lifecycle,availability
1,SKU-8000-0467-1,onyx-halo,8000-0467-1,Honed,1600,3200,12,unconfirmed,installed_reference
1,SKU-8000-0521-1,monoforma-silhouette,8000-0521-1,Polished,1600,3200,12,unconfirmed,installed_reference
1,SKU-8000-0186-0,armani-noir,8000-0186-0,Honed,1600,3200,6,unconfirmed,installed_reference
1,SKU-8000-0046-0,calacatta-carrara,8000-0046-0,Honed,1600,3200,6,unconfirmed,installed_reference
1,SKU-8000-0246-0,fusion-white,8000-0246-0,Honed,1600,3200,6,unconfirmed,installed_reference
1,SKU-8000-0565-0,publica-thunder,8000-0565-0,Organic Matte,1600,3200,6,unconfirmed,installed_reference
1,SKU-8000-0268-1,nero-marquina,8000-0268-1,Polished,1600,3200,6,unconfirmed,installed_reference
1,SKU-8000-0262-0,montagna-jade,8000-0262-0,Honed,1620,3220,6,unconfirmed,installed_reference
1,SKU-8000-0543-1,serena-flint,8000-0543-1,Honed,1600,3200,6,unconfirmed,installed_reference
1,SKU-8000-0538-0,travertino-titanium,8000-0538-0,Grained,1600,3200,6,unconfirmed,installed_reference
1,SKU-8000-0294-0,super-white,8000-0294-0,Honed,1600,3200,6,unconfirmed,installed_reference
1,SKU-8000-0562-0,publica-terrain,8000-0562-0,Patinated,1600,3200,6,unconfirmed,installed_reference
1,SKU-8000-0232-0,cristallo,8000-0232-0,Polished,1600,3200,6,unconfirmed,installed_reference
1,SKU-8000-0048-0,calacatta-viola,8000-0048-0,Polished,1600,3200,6,unconfirmed,installed_reference
1,SKU-8000-0560-0,publica-horizon,8000-0560-0,Patinated,1600,3200,6,unconfirmed,installed_reference
1,SKU-8000-0529-0,french-vanilla,8000-0529-0,Polished,1600,3200,6,unconfirmed,installed_reference
1,SKU-8000-0541-1,serena-crater,8000-0541-1,Honed,1600,3200,6,unconfirmed,installed_reference
1,SKU-8000-0256-0,marina-white,8000-0256-0,Polished,1600,3200,6,unconfirmed,installed_reference
1,SKU-8000-0549-0,lithoform-crosscut-dunes,8000-0549-0,Vintage,1600,3200,6,unconfirmed,installed_reference
1,SKU-8000-0577-0,travertino-classico,8000-0577-0,Grained,1600,3200,6,unconfirmed,installed_reference
1,SKU-8000-0599-0,taj-mahal,8000-0599-0,Honed,1600,3200,6,unconfirmed,installed_reference
1,SKU-8000-0519-1,monoforma-storm,8000-0519-1,Polished,1600,3200,12,unconfirmed,installed_reference
1,SKU-8000-0463-1,colorado-lincoln,8000-0463-1,Polished,1600,3200,12,unconfirmed,installed_reference
1,SKU-8000-0476-1,calacatta-noir,8000-0476-1,Satin,1600,3200,12,unconfirmed,installed_reference
1,SKU-8500-0089-0,lithoform-crosscut-twilight,8500-0089-0,Honed,1200,2800,6,unconfirmed,installed_reference
1,SKU-8500-0101-0,lithoform-veincut-twilight,8500-0101-0,Honed,1200,2800,6,unconfirmed,installed_reference
1,SKU-8500-0686-0,onyx-feather,8500-0686-0,Polished,1200,2800,6,unconfirmed,installed_reference
1,SKU-8500-0013-1,arabescato-corchia,8500-0013-1,Honed,1200,2800,6,unconfirmed,installed_reference
1,SKU-8500-0053-0,atlantic-ocean,8500-0053-0,Polished,1200,2800,6,unconfirmed,installed_reference
1,SKU-8500-0046-0,bianco-dior,8500-0046-0,Polished,1200,2800,6,unconfirmed,installed_reference
1,SKU-8500-0033-1,calacatta-borghini,8500-0033-1,Honed,1200,2800,6,unconfirmed,installed_reference
1,SKU-8500-0018-0,calacatta-corchia,8500-0018-0,Polished,1200,2800,6,unconfirmed,installed_reference
1,SKU-8500-0074-0,serena-pewter,8500-0074-0,Honed,1200,2800,6,unconfirmed,installed_reference
1,SKU-8500-0041-1,verdi-alpi,8500-0041-1,Honed,1200,2800,6,unconfirmed,installed_reference
1,SKU-8500-0057-1,crystal-bianco,8500-0057-1,Honed,1200,2800,6,unconfirmed,installed_reference
1,SKU-8500-0064-0,onyx-sage,8500-0064-0,Polished,1200,2800,6,unconfirmed,installed_reference
1,SKU-8500-0039-0,forge-eleganza,8500-0039-0,Honed,1200,2800,6,unconfirmed,installed_reference
1,SKU-8500-0014-0,statuario,8500-0014-0,Polished,1200,2800,6,unconfirmed,installed_reference
1,SKU-8500-0111-0,monoforma-moonlight,8500-0111-0,Silk,1200,2800,6,unconfirmed,installed_reference
1,SKU-8500-0078-0,serena-valley,8500-0078-0,Honed,1200,2800,6,unconfirmed,installed_reference
1,SKU-8500-0067-0,onyx-hazel,8500-0067-0,Honed,1200,2800,6,unconfirmed,installed_reference
1,SKU-8500-0080-0,lithoform-crosscut-dunes,8500-0080-0,Honed,1200,2800,6,unconfirmed,installed_reference
1,SKU-8500-0092-0,lithoform-veincut-dunes,8500-0092-0,Honed,1200,2800,6,unconfirmed,installed_reference
1,SKU-8500-0042-0,macchia-vecchia,8500-0042-0,Polished,1200,2800,6,unconfirmed,installed_reference
1,SKU-8500-0027-1,calacatta-cremo,8500-0027-1,Honed,1200,2800,6,unconfirmed,installed_reference
1,SKU-8500-0045-0,oro-noir,8500-0045-0,Honed,1200,2800,6,unconfirmed,installed_reference
1,SKU-8500-0063-0,onyx-crema,8500-0063-0,Honed,1200,2800,6,unconfirmed,installed_reference
1,SKU-8500-0049-0,sahara-noir,8500-0049-0,Honed,1200,2800,6,unconfirmed,installed_reference
1,SKU-8500-0083-0,lithoform-crosscut-coast,8500-0083-0,Honed,600,2800,6,unconfirmed,installed_reference
1,SKU-8500-0095-0,lithoform-veincut-coast,8500-0095-0,Honed,600,2800,6,unconfirmed,installed_reference
1,SKU-8500-0031-0,gemma-bronze,8500-0031-0,Honed,600,2800,6,unconfirmed,installed_reference
1,SKU-8500-0037-0,french-vanilla,8500-0037-0,Honed,600,2800,6,unconfirmed,installed_reference
1,SKU-8500-0070-1,serena-crater,8500-0070-1,Honed,600,2800,6,unconfirmed,installed_reference
1,SKU-8500-0051-1,calacatta-noir,8500-0051-1,Honed,600,2800,6,unconfirmed,installed_reference
1,SKU-8500-0113-0,monoforma-oasis,8500-0113-0,Silk,600,2800,6,unconfirmed,installed_reference
1,SKU-8500-0035-1,taj-mahal,8500-0035-1,Honed,600,2800,6,unconfirmed,installed_reference
1,SKU-8500-0028-1,bianco-stratura,8500-0028-1,Polished,600,2800,6,unconfirmed,installed_reference
1,SKU-8500-0023-0,ariel-bianco,8500-0023-0,Honed,600,2800,6,unconfirmed,installed_reference
1,SKU-8500-0052-0,travertino-classico,8500-0052-0,Honed,600,2800,6,unconfirmed,installed_reference
1,SKU-8500-0086-0,lithoform-crosscut-vista,8500-0086-0,Honed,600,2800,6,unconfirmed,installed_reference
1,SKU-8500-0098-0,lithoform-veincut-vista,8500-0098-0,Honed,600,2800,6,unconfirmed,installed_reference
1,SKU-8500-0631-0,monoforma-moonlight,8500-0631-0,Honed,600,2800,6,unconfirmed,installed_reference
1,SKU-8500-0076-0,serena-dusk,8500-0076-0,Honed,600,2800,6,unconfirmed,installed_reference
1,SKU-8500-0069-0,serena-flint,8500-0069-0,Organic Matte,600,2800,6,unconfirmed,installed_reference
1,SKU-8500-0058-0,ceppo-di-gre,8500-0058-0,Honed,600,2800,6,unconfirmed,installed_reference
1,SKU-8500-0072-1,serena-shale,8500-0072-1,Honed,600,2800,6,unconfirmed,installed_reference
1,SKU-8500-0061-0,onyx-halo,8500-0061-0,Honed,600,2800,6,unconfirmed,installed_reference
1,SKU-8500-0059-0,travertino-titanium,8500-0059-0,Organic Matte,600,2800,6,unconfirmed,installed_reference
1,SKU-8500-0017-0,bianco-gioia,8500-0017-0,Honed,600,2800,6,unconfirmed,installed_reference
1,SKU-8500-0152-0,onyx-crema,8500-0152-0,Polished,1200,1200,9,unconfirmed,installed_reference
1,SKU-8500-0156-0,onyx-hazel,8500-0156-0,Polished,1200,1200,9,unconfirmed,installed_reference
1,SKU-8500-0131-0,calacatta-cremo,8500-0131-0,Honed,1200,1200,9,unconfirmed,installed_reference
1,SKU-8500-0129-0,calacatta-oro,8500-0129-0,Honed,1200,1200,9,unconfirmed,installed_reference
1,SKU-8500-0136-0,french-vanilla,8500-0136-0,Polished,1200,1200,9,unconfirmed,installed_reference
1,SKU-8500-0643-0,pietra-imperiale,8500-0643-0,Polished,1200,1200,9,unconfirmed,installed_reference
1,SKU-8500-0134-0,taj-mahal,8500-0134-0,Polished,1200,1200,9,unconfirmed,installed_reference
1,SKU-8500-0174-0,lithoform-crosscut-coast,8500-0174-0,Organic Matte,1200,1200,9,unconfirmed,installed_reference
1,SKU-8500-0180-0,lithoform-crosscut-twilight,8500-0180-0,Organic Matte,1200,1200,9,unconfirmed,installed_reference
1,SKU-8500-0177-0,lithoform-crosscut-vista,8500-0177-0,Organic Matte,1200,1200,9,unconfirmed,installed_reference
1,SKU-8500-0688-0,onyx-feather,8500-0688-0,Polished,1200,1200,9,unconfirmed,installed_reference
1,SKU-8500-0154-0,onyx-sage,8500-0154-0,Polished,1200,1200,9,unconfirmed,installed_reference
1,SKU-8500-0122-0,bianco-gioia,8500-0122-0,Polished,1200,1200,9,unconfirmed,installed_reference
1,SKU-8500-0133-0,calacatta-borghini,8500-0133-0,Honed,1200,1200,9,unconfirmed,installed_reference
1,SKU-8500-0124-0,calacatta-corchia,8500-0124-0,Polished,1200,1200,9,unconfirmed,installed_reference
1,SKU-8500-0146-0,crystal-bianco,8500-0146-0,Polished,1200,1200,9,unconfirmed,installed_reference
1,SKU-8500-0138-0,forge-eleganza,8500-0138-0,Polished,1200,1200,9,unconfirmed,installed_reference
1,SKU-8500-0121-0,statuario,8500-0121-0,Honed,1200,1200,9,unconfirmed,installed_reference
1,SKU-8500-0167-0,serena-dusk,8500-0167-0,Organic Matte,1200,1200,9,unconfirmed,installed_reference
1,SKU-8500-0165-0,serena-pewter,8500-0165-0,Organic Matte,1200,1200,9,unconfirmed,installed_reference
1,SKU-8000-0196-0,bianco-gioia,8000-0196-0,Polished,1600,3200,6,unconfirmed,installed_reference
1,SKU-8000-0466-2,onyx-halo,8000-0466-2,Polished,1620,3220,12,unconfirmed,installed_reference
1,SKU-8000-0014-0,arabescato-vagli,8000-0014-0,Honed,1620,3220,12,unconfirmed,installed_reference
1,SKU-8000-0194-0,bianco-dior,8000-0194-0,Honed,1600,3200,6,unconfirmed,installed_reference
1,SKU-8000-0156-1,statuario,8000-0156-1,Polished,1620,3220,12,unconfirmed,installed_reference
1,SKU-8000-0590-0,calacatta-noir,8000-0590-0,Polished,1600,3200,6,unconfirmed,installed_reference
1,SKU-8000-0270-1,nero-marquina,8000-0270-1,Honed,1600,3200,6,unconfirmed,installed_reference
1,SKU-8000-0596-0,verdi-alpi,8000-0596-0,Polished,1600,3200,6,unconfirmed,installed_reference
1,SKU-8000-0202-0,calacatta-corchia,8000-0202-0,Honed,1600,3200,6,unconfirmed,installed_reference
1,SKU-8000-0184-0,armani-noir,8000-0184-0,Polished,1600,3200,6,unconfirmed,installed_reference
1,SKU-8000-0441-1,crystal-bianco,8000-0441-1,Polished,1620,3220,12,unconfirmed,installed_reference
1,SKU-8000-0539-1,serena-shale,8000-0539-1,Honed,1600,3200,6,unconfirmed,installed_reference
1,SKU-8000-0564-0,publica-thunder,8000-0564-0,Patinated,1600,3200,6,unconfirmed,installed_reference
1,SKU-8000-0180-0,ariel-bianco,8000-0180-0,Polished,1600,3200,6,unconfirmed,installed_reference
1,SKU-8000-0050-0,calacatta-viola,8000-0050-0,Honed,1600,3200,6,unconfirmed,installed_reference
1,SKU-8000-0238-0,foresta,8000-0238-0,Honed,1600,3200,6,unconfirmed,installed_reference
1,SKU-8000-0578-0,travertino-classico,8000-0578-0,Honed,1600,3200,6,unconfirmed,installed_reference
1,SKU-8000-0574-0,travertino-titanium,8000-0574-0,Honed,1600,3200,6,unconfirmed,installed_reference
1,SKU-8000-0250-0,grigio-quarzo,8000-0250-0,Honed,1600,3200,6,unconfirmed,installed_reference
1,SKU-8000-0436-1,ceppo-di-gre,8000-0436-1,Honed,1620,3220,12,unconfirmed,installed_reference
1,SKU-8000-0442-1,terrazzo-delicato,8000-0442-1,Honed,1620,3220,12,unconfirmed,installed_reference
1,SKU-8000-0244-1,fusion-white,8000-0244-1,Honed,1600,3200,6,unconfirmed,installed_reference
1,SKU-8000-0260-0,montagna-jade,8000-0260-0,Polished,1600,3200,6,unconfirmed,installed_reference
1,SKU-8000-0278-1,panda,8000-0278-1,Honed,1600,3200,6,unconfirmed,installed_reference
1,SKU-8000-0168-1,super-white,8000-0168-1,Polished,1620,3220,12,unconfirmed,installed_reference
1,SKU-8000-0044-1,calacatta-carrara,8000-0044-1,Polished,1600,3200,6,unconfirmed,installed_reference
1,SKU-8000-0603-0,atlantic-ocean,8000-0603-0,Honed,1600,3200,6,unconfirmed,installed_reference
1,SKU-8000-0264-1,montagna-grey,8000-0264-1,Polished,1600,3200,6,unconfirmed,installed_reference
1,SKU-8000-0604-0,pietra-imperiale,8000-0604-0,Polished,1600,3200,6,unconfirmed,installed_reference
1,SKU-8000-0068-1,calacatta-cremo,8000-0068-1,Polished,1620,3220,12,unconfirmed,installed_reference
1,SKU-8000-0152-1,sahara-noir,8000-0152-1,Polished,1620,3220,12,unconfirmed,installed_reference
1,SKU-8000-0438-1,bianco-stratura,8000-0438-1,Honed,1620,3220,12,unconfirmed,installed_reference
1,SKU-8000-0554-1,lithoform-veincut-coast,8000-0554-1,Honed,1600,3200,6,unconfirmed,installed_reference
1,SKU-8000-0545-1,lithoform-crosscut-coast,8000-0545-1,Honed,1600,3200,6,unconfirmed,installed_reference
1,SKU-8000-0530-0,french-vanilla,8000-0530-0,Honed,1600,3200,6,unconfirmed,installed_reference
1,SKU-8000-0036-0,arabescato-corchia,8000-0036-0,Polished,1600,3200,6,unconfirmed,installed_reference
1,SKU-8000-0108-1,forge-eleganza,8000-0108-1,Polished,1620,3220,12,unconfirmed,installed_reference
1,SKU-8000-0084-2,calacatta-oro,8000-0084-2,Polished,1620,3220,12,unconfirmed,installed_reference
1,SKU-8000-0272-0,oro-noir,8000-0272-0,Polished,1600,3200,6,unconfirmed,installed_reference
1,SKU-8000-0254-0,macchia-vecchia,8000-0254-0,Honed,1600,3200,6,unconfirmed,installed_reference
1,SKU-8000-0434-2,calacatta-borghini,8000-0434-2,Honed,1620,3220,12,unconfirmed,installed_reference
1,SKU-8000-0411-0,taj-mahal,8000-0411-0,Polished,1600,3200,6,unconfirmed,installed_reference
1,SKU-8000-0258-0,marina-white,8000-0258-0,Honed,1600,3200,6,unconfirmed,installed_reference
1,SKU-8000-0224-1,calacatta-picasso,8000-0224-1,Polished,1600,3200,6,unconfirmed,installed_reference
1,SKU-8000-0208-0,gemma-bronze,8000-0208-0,Polished,1600,3200,6,unconfirmed,installed_reference
1,SKU-8500-0160-0,serena-crater,8500-0160-0,Honed,1198,1198,9,unconfirmed,installed_reference
1,SKU-8500-0119-0,arabescato-corchia,8500-0119-0,Honed,1198,1198,9,unconfirmed,installed_reference
1,SKU-8500-0145-0,calacatta-noir,8500-0145-0,Honed,1198,1198,9,unconfirmed,installed_reference
1,SKU-8500-0148-0,ceppo-di-gre,8500-0148-0,Honed,1198,1198,9,unconfirmed,installed_reference
1,SKU-8500-0170-0,lithoform-crosscut-dunes,8500-0170-0,Honed,1198,1198,9,unconfirmed,installed_reference
1,SKU-8000-0282-0,pietra-imperiale,8000-0282-0,Honed,1600,3200,6,unconfirmed,installed_reference
1,SKU-8000-0493-1,pietra-imperiale,8000-0493-1,Satin,1620,3220,12,unconfirmed,installed_reference
1,SKU-8000-0558-0,lithoform-veincut-vista,8000-0558-0,Honed,1600,3200,6,unconfirmed,installed_reference
1,SKU-8500-0050-1,calacatta-noir,8500-0050-1,Polished,1200,2800,6,unconfirmed,installed_reference
1,SKU-8000-0500-1,travertino-titanium,8000-0500-1,Grained,1620,3220,12,unconfirmed,installed_reference
1,SKU-8000-0551-0,lithoform-crosscut-vista,8000-0551-0,Honed,1600,3200,6,unconfirmed,installed_reference
1,SKU-8000-0290-0,statuario,8000-0290-0,Honed,1600,3200,6,unconfirmed,installed_reference
1,SKU-8000-0306-9,statuario,8000-0306-9,Honed,1600,3200,6,unconfirmed,installed_reference
1,SKU-8000-0140-1,oro-noir,8000-0140-1,Polished,1250,2800,12,unconfirmed,installed_reference
1,SKU-8000-0236-0,foresta,8000-0236-0,Polished,1600,3200,6,unconfirmed,installed_reference
1,SKU-8500-0034-1,taj-mahal,8500-0034-1,Polished,1200,2800,6,unconfirmed,installed_reference
1,SKU-8500-0530-0,taj-mahal,8500-0530-0,Polished,600,1200,9,unconfirmed,installed_reference
1,SKU-8500-0135-0,taj-mahal,8500-0135-0,Honed,1200,1200,9,unconfirmed,installed_reference
1,SKU-8510-0009-0,taj-mahal,8510-0009-0,Honed,,,9,unconfirmed,installed_reference
1,SKU-8500-0295-0,taj-mahal,8500-0295-0,Honed,600,600,9,unconfirmed,installed_reference
1,SKU-8500-0405-0,taj-mahal,8500-0405-0,Polished,300,600,9,unconfirmed,installed_reference
1,SKU-8500-0602-0,taj-mahal,8500-0602-0,Honed,900,900,9,unconfirmed,installed_reference
1,SKU-8500-0019-1,calacatta-corchia,8500-0019-1,Honed,1200,2800,6,unconfirmed,installed_reference
1,SKU-8000-0210-0,gemma-bronze,8000-0210-0,Honed,1600,3200,6,unconfirmed,installed_reference
1,SKU-8500-0176-0,lithoform-crosscut-vista,8500-0176-0,Honed,1200,1200,9,unconfirmed,installed_reference
1,SKU-8500-0179-0,lithoform-crosscut-twilight,8500-0179-0,Honed,1200,1200,9,unconfirmed,installed_reference
1,SKU-8500-0173-0,lithoform-crosscut-coast,8500-0173-0,Honed,1200,1200,9,unconfirmed,installed_reference
1,SKU-8500-0462-0,lithoform-veincut-coast,8500-0462-0,Honed,600,1200,9,unconfirmed,installed_reference
1,SKU-8500-0468-0,lithoform-veincut-dunes,8500-0468-0,Honed,600,1200,9,unconfirmed,installed_reference
1,SKU-8500-0480-0,lithoform-veincut-vista,8500-0480-0,Honed,600,1200,9,unconfirmed,installed_reference
1,SKU-8500-0474-0,lithoform-veincut-twilight,8500-0474-0,Honed,600,1200,9,unconfirmed,installed_reference
1,SKU-8500-0162-0,serena-shale,8500-0162-0,Honed,1200,1200,9,unconfirmed,installed_reference
1,SKU-8500-0168-0,serena-valley,8500-0168-0,Honed,1200,1200,9,unconfirmed,installed_reference
1,SKU-8500-0166-0,serena-dusk,8500-0166-0,Honed,1200,1200,9,unconfirmed,installed_reference
1,SKU-8500-0164-0,serena-pewter,8500-0164-0,Honed,1200,1200,9,unconfirmed,installed_reference
1,SKU-8500-0158-0,serena-flint,8500-0158-0,Honed,1200,1200,9,unconfirmed,installed_reference
1,SOURCE-APS-APS_Tempry-043,onyx-sage,,Unconfirmed,600,1200,9,unconfirmed,unknown
1,SOURCE-APS-APS_Tempry-044,onyx-hazel,,Unconfirmed,600,1200,9,unconfirmed,unknown
1,SOURCE-APS-APS_Tempry-045,onyx-crema,,Unconfirmed,1200,1200,9,unconfirmed,unknown
1,SKU-9902-2325-0,taj-mahal,9902-2325-0,Polished,95,134,6,unconfirmed,installed_reference
1,SKU-9902-2326-0,taj-mahal,9902-2326-0,Honed,95,134,6,unconfirmed,installed_reference
1,SKU-9902-2327-0,taj-mahal,9902-2327-0,Satin,95,134,6,unconfirmed,installed_reference
1,SKU-9902-2383-0,lithoform-crosscut-coast,9902-2383-0,St Honed,95,134,6,unconfirmed,installed_reference
1,SKU-9902-2415-0,lithoform-crosscut-coast,9902-2415-0,Organic Matte,95,134,6,unconfirmed,installed_reference
1,SKU-9902-2384-0,lithoform-crosscut-coast,9902-2384-0,Vintage,95,134,6,unconfirmed,installed_reference
1,SKU-9902-2372-0,travertino-classico,9902-2372-0,Grained,95,134,6,unconfirmed,installed_reference
1,SKU-9902-2402-0,publica-terrain,9902-2402-0,Patinated,95,134,6,unconfirmed,installed_reference
1,SKU-9902-2404-0,monoforma-moonlight,9902-2404-0,Silk,95,134,6,unconfirmed,installed_reference
1,PHOTO-VERDI-KITCHEN,verdi-alpi,,Unconfirmed furniture finish,,,,unconfirmed,installed_reference
1,OPTION-7ba698a1814127,arabescato-corchia,,Polished,1600,3200,12,unconfirmed,unknown
1,OPTION-8496a242bb23a9,arabescato-corchia,,Honed,1600,3200,12,unconfirmed,unknown
1,OPTION-8ae48085efe5cd,arabescato-vagli,,Polished,1600,3200,12,unconfirmed,unknown
1,OPTION-a0e2719a6841b4,arabescato-vagli,,Honed,1600,3200,12,unconfirmed,unknown
1,OPTION-b3b011946bee8f,arabescato-vagli,,Satin,1600,3200,12,unconfirmed,unknown
1,OPTION-83b7eb0b7e566e,statuario,,Polished,1600,3200,12,unconfirmed,unknown
1,OPTION-2b7785a8e30418,statuario,,Honed,1600,3200,12,unconfirmed,unknown
1,OPTION-4550f9ffdf783a,statuario,,Satin,1600,3200,12,unconfirmed,unknown
1,OPTION-8b14f61ea5b3f2,bianco-gioia,,Polished,1600,3200,12,unconfirmed,unknown
1,OPTION-3f3433a6025e90,bianco-gioia,,Honed,1600,3200,12,unconfirmed,unknown
1,OPTION-5ed5543d4c316d,montagna-grey,,Polished,1600,3200,12,unconfirmed,unknown
1,OPTION-107da6d14e918e,montagna-grey,,Honed,1600,3200,12,unconfirmed,unknown
1,OPTION-4812a9579b29f9,montagna-grey,,Satin,1600,3200,12,unconfirmed,unknown
1,OPTION-6f8f513365cbc0,calacatta-corchia,,Polished,1600,3200,12,unconfirmed,unknown
1,OPTION-cbabca519881d1,calacatta-corchia,,Honed,1600,3200,12,unconfirmed,unknown
1,OPTION-177975cfaaf523,calacatta-corchia,,Satin,1600,3200,12,unconfirmed,unknown
1,OPTION-fd361efc7345ff,calacatta-carrara,,Polished,1600,3200,12,unconfirmed,unknown
1,OPTION-e85cfdbbc449c8,calacatta-carrara,,Honed,1600,3200,12,unconfirmed,unknown
1,OPTION-72a610bca29a7f,calacatta-carrara,,Satin,1600,3200,12,unconfirmed,unknown
1,OPTION-4913fead823448,ariel-bianco,,Polished,1600,3200,12,unconfirmed,unknown
1,OPTION-e4f3369e50ed25,ariel-bianco,,Honed,1600,3200,12,unconfirmed,unknown
1,OPTION-154916179a916b,ariel-bianco,,Satin,1600,3200,12,unconfirmed,unknown
1,OPTION-958319854a0c02,panda,,Polished,1600,3200,12,unconfirmed,unknown
1,OPTION-6754b96f97d69d,panda,,Honed,1600,3200,12,unconfirmed,unknown
1,OPTION-e631608da5a64a,calacatta-oro,,Polished,1600,3200,12,unconfirmed,unknown
1,OPTION-3b50196c54104d,calacatta-oro,,Honed,1600,3200,12,unconfirmed,unknown
1,OPTION-2730a03797f7c2,calacatta-oro,,Satin,1600,3200,12,unconfirmed,unknown
1,OPTION-1980950b6eb139,calacatta-cremo,,Polished,1600,3200,12,unconfirmed,unknown
1,OPTION-7387bb25cd612d,calacatta-cremo,,Honed,1600,3200,12,unconfirmed,unknown
1,OPTION-73758977165a8f,calacatta-cremo,,Satin,1600,3200,12,unconfirmed,unknown
1,OPTION-a71fc9cacc33b0,bianco-stratura,,Polished,1600,3200,12,unconfirmed,unknown
1,OPTION-4abce71c480fb1,bianco-stratura,,Honed,1600,3200,12,unconfirmed,unknown
1,OPTION-d918ea07cd7ac0,bianco-stratura,,Satin,1600,3200,12,unconfirmed,unknown
1,OPTION-fa1742d0b7d04a,colorado-lincoln,,Polished,1600,3200,12,unconfirmed,unknown
1,OPTION-20d222e9baee83,colorado-lincoln,,Honed,1600,3200,12,unconfirmed,unknown
1,OPTION-f1574761648203,colorado-lincoln,,Satin,1600,3200,12,unconfirmed,unknown
1,OPTION-b69bd1ae96fbe5,fusion-white,,Polished,1600,3200,12,unconfirmed,unknown
1,OPTION-b778ee2fb3b98e,fusion-white,,Honed,1600,3200,12,unconfirmed,unknown
1,OPTION-8c50d17b35d5ae,gemma-bronze,,Polished,1600,3200,12,unconfirmed,unknown
1,OPTION-fba9651c08b5af,gemma-bronze,,Honed,1600,3200,12,unconfirmed,unknown
1,OPTION-b23cd1f752ecac,calacatta-picasso,,Polished,1600,3200,12,unconfirmed,unknown
1,OPTION-f5ff8b2b72fee1,calacatta-picasso,,Honed,1600,3200,12,unconfirmed,unknown
1,OPTION-f1317ed93353f8,calacatta-viola,,Polished,1600,3200,12,unconfirmed,unknown
1,OPTION-5172f9606dcb9e,calacatta-viola,,Honed,1600,3200,12,unconfirmed,unknown
1,OPTION-e97a592c77142e,calacatta-borghini,,Polished,1600,3200,12,unconfirmed,unknown
1,OPTION-479312b89050cf,calacatta-borghini,,Honed,1600,3200,12,unconfirmed,unknown
1,OPTION-2cf1003fc9451b,calacatta-borghini,,Satin,1600,3200,12,unconfirmed,unknown
1,OPTION-8917608db1725b,cristallo,,Polished,1600,3200,12,unconfirmed,unknown
1,OPTION-27e08e1359746b,cristallo,,Honed,1600,3200,12,unconfirmed,unknown
1,OPTION-f94c2a57097c87,cristallo,,Satin,1600,3200,12,unconfirmed,unknown
1,OPTION-b73a538272ed40,taj-mahal,,Polished,1600,3200,12,unconfirmed,unknown
1,OPTION-a904f6db886f7e,taj-mahal,,Honed,1600,3200,12,unconfirmed,unknown
1,OPTION-2acb417cd9f44f,taj-mahal,,Satin,1600,3200,12,unconfirmed,unknown
1,OPTION-187ce932f2d4a9,atlantic-ocean,,Polished,1600,3200,12,unconfirmed,unknown
1,OPTION-a92d3b22ce287d,atlantic-ocean,,Honed,1600,3200,12,unconfirmed,unknown
1,OPTION-6e819aa3f4ff8d,atlantic-ocean,,Satin,1600,3200,12,unconfirmed,unknown
1,OPTION-e08b3c964d11dd,marina-white,,Polished,1600,3200,12,unconfirmed,unknown
1,OPTION-51f4a4825e9b0c,marina-white,,Honed,1600,3200,12,unconfirmed,unknown
1,OPTION-3b8e46940a96ca,super-white,,Polished,1600,3200,12,unconfirmed,unknown
1,OPTION-a22425aa20e797,super-white,,Honed,1600,3200,12,unconfirmed,unknown
1,OPTION-ab0f5a28ec2da0,grigio-quarzo,,Honed,1600,3200,12,unconfirmed,unknown
1,OPTION-84ddc647aea42d,french-vanilla,,Polished,1600,3200,12,unconfirmed,unknown
1,OPTION-9eda62090969e1,french-vanilla,,Honed,1600,3200,12,unconfirmed,unknown
1,OPTION-d685ebf53d868c,french-vanilla,,Satin,1600,3200,12,unconfirmed,unknown
1,OPTION-fa379f36b60205,forge-eleganza,,Polished,1600,3200,12,unconfirmed,unknown
1,OPTION-52bb97ed6335c8,forge-eleganza,,Honed,1600,3200,12,unconfirmed,unknown
1,OPTION-cc856f78b775ea,forge-eleganza,,Satin,1600,3200,12,unconfirmed,unknown
1,OPTION-2b4936baad3b88,montagna-jade,,Polished,1600,3200,12,unconfirmed,unknown
1,OPTION-224e98f18ac28e,montagna-jade,,Honed,1600,3200,12,unconfirmed,unknown
1,OPTION-8f57e3fdf17cab,verdi-alpi,,Polished,1600,3200,12,unconfirmed,unknown
1,OPTION-d8d36e63e8c71b,verdi-alpi,,Honed,1600,3200,12,unconfirmed,unknown
1,OPTION-a8d441a58414c7,tuscano-burgundy,,Polished,1600,3200,12,unconfirmed,unknown
1,OPTION-7470fc7471d3ea,macchia-vecchia,,Polished,1600,3200,12,unconfirmed,unknown
1,OPTION-8aab7ddebf011c,macchia-vecchia,,Honed,1600,3200,12,unconfirmed,unknown
1,OPTION-e0ad21e1763b8a,foresta,,Polished,1600,3200,12,unconfirmed,unknown
1,OPTION-72c2911a489d7a,foresta,,Honed,1600,3200,12,unconfirmed,unknown
1,OPTION-ccd0e246402f18,pietra-imperiale,,Polished,1600,3200,12,unconfirmed,unknown
1,OPTION-803d1daddae066,pietra-imperiale,,Honed,1600,3200,12,unconfirmed,unknown
1,OPTION-ef6df02ee0574d,pietra-imperiale,,Satin,1600,3200,12,unconfirmed,unknown
1,OPTION-5229ae1958394b,oro-noir,,Polished,1600,3200,12,unconfirmed,unknown
1,OPTION-67d4bd3bff3b4f,oro-noir,,Honed,1600,3200,12,unconfirmed,unknown
1,OPTION-ec2ee07a10a220,bianco-dior,,Polished,1600,3200,12,unconfirmed,unknown
1,OPTION-ad4ffb89ec7c68,bianco-dior,,Honed,1600,3200,12,unconfirmed,unknown
1,OPTION-f5ab5874e14f4f,sahara-noir,,Polished,1600,3200,12,unconfirmed,unknown
1,OPTION-0d8a638d9e43a7,sahara-noir,,Honed,1600,3200,12,unconfirmed,unknown
1,OPTION-0036b480a04060,armani-noir,,Polished,1600,3200,12,unconfirmed,unknown
1,OPTION-c4011a2f09ccf7,armani-noir,,Honed,1600,3200,12,unconfirmed,unknown
1,OPTION-04735c48caa8fb,calacatta-noir,,Polished,1600,3200,12,unconfirmed,unknown
1,OPTION-324fcfc81d14f6,calacatta-noir,,Honed,1600,3200,12,unconfirmed,unknown
1,OPTION-9c610a1c289aaf,calacatta-noir,,Satin,1600,3200,12,unconfirmed,unknown
1,OPTION-c231f7dddfb946,nero-marquina,,Polished,1600,3200,12,unconfirmed,unknown
1,OPTION-b33fedf76c350a,nero-marquina,,Honed,1600,3200,12,unconfirmed,unknown
1,OPTION-00ee3e6c398226,nero-marquina,,Satin,1600,3200,12,unconfirmed,unknown
1,OPTION-d37d611a1740cc,crystal-bianco,,Polished,1600,3200,12,unconfirmed,unknown
1,OPTION-d424c13deb6532,crystal-bianco,,Honed,1600,3200,12,unconfirmed,unknown
1,OPTION-86bc8989a4047b,onyx-halo,,Polished,1600,3200,12,unconfirmed,unknown
1,OPTION-69e9b35d9a8119,onyx-halo,,Honed,1600,3200,12,unconfirmed,unknown
1,OPTION-61f7862ebced05,travertino-classico,,Structured Honed,1600,3200,12,unconfirmed,unknown
1,OPTION-967b49c2a0a565,travertino-classico,,Organic Matte,1600,3200,12,unconfirmed,unknown
1,OPTION-d31dc17ea3a42f,travertino-classico,,Grained,1600,3200,12,unconfirmed,unknown
1,OPTION-32fa80d2c00918,travertino-titanium,,Structured Honed,1600,3200,12,unconfirmed,unknown
1,OPTION-f94aad4c8cabf2,travertino-titanium,,Organic Matte,1600,3200,12,unconfirmed,unknown
1,OPTION-fde9c83a8fcaaa,travertino-titanium,,Grained,1600,3200,12,unconfirmed,unknown
1,OPTION-c5681fe12085c4,serena-flint,,Structured Honed,1600,3200,12,unconfirmed,unknown
1,OPTION-84959436ca10eb,serena-flint,,Organic Matte,1600,3200,12,unconfirmed,unknown
1,OPTION-0d3acfa20d40fd,serena-crater,,Structured Honed,1600,3200,12,unconfirmed,unknown
1,OPTION-d485f3fcd59e90,serena-crater,,Organic Matte,1600,3200,12,unconfirmed,unknown
1,OPTION-26668b6db024b2,serena-shale,,Structured Honed,1600,3200,12,unconfirmed,unknown
1,OPTION-73afd706fb9993,serena-shale,,Organic Matte,1600,3200,12,unconfirmed,unknown
1,OPTION-1229cb36bdaabc,lithoform-crosscut-dunes,,Structured Honed,1600,3200,12,unconfirmed,unknown
1,OPTION-ea40bc268acb5b,lithoform-crosscut-dunes,,Organic Matte,1600,3200,12,unconfirmed,unknown
1,OPTION-caf27207f31ecf,lithoform-crosscut-dunes,,Vintage,1600,3200,12,unconfirmed,unknown
1,OPTION-cd49c147d0109b,lithoform-crosscut-coast,,Structured Honed,1600,3200,12,unconfirmed,unknown
1,OPTION-4359afb77d62db,lithoform-crosscut-coast,,Organic Matte,1600,3200,12,unconfirmed,unknown
1,OPTION-d13d9af6e6e87f,lithoform-crosscut-coast,,Vintage,1600,3200,12,unconfirmed,unknown
1,OPTION-bd30244bffac93,lithoform-crosscut-vista,,Structured Honed,1600,3200,12,unconfirmed,unknown
1,OPTION-d1414f7ef11a4e,lithoform-crosscut-vista,,Organic Matte,1600,3200,12,unconfirmed,unknown
1,OPTION-9416957264e524,lithoform-crosscut-vista,,Vintage,1600,3200,12,unconfirmed,unknown
1,OPTION-7f4ba17213caf4,lithoform-veincut-dunes,,Structured Honed,1600,3200,12,unconfirmed,unknown
1,OPTION-394628612eea4b,lithoform-veincut-dunes,,Organic Matte,1600,3200,12,unconfirmed,unknown
1,OPTION-fffe220bec8d22,lithoform-veincut-coast,,Structured Honed,1600,3200,12,unconfirmed,unknown
1,OPTION-0b1be39c50c280,lithoform-veincut-coast,,Organic Matte,1600,3200,12,unconfirmed,unknown
1,OPTION-a502a6abbb4051,lithoform-veincut-vista,,Structured Honed,1600,3200,12,unconfirmed,unknown
1,OPTION-0b9535bfa434ee,lithoform-veincut-vista,,Organic Matte,1600,3200,12,unconfirmed,unknown
1,OPTION-1c55a16f5f8d35,ceppo-di-gre,,Structured Honed,1600,3200,12,unconfirmed,unknown
1,OPTION-a74236449e6400,ceppo-di-gre,,Organic Matte,1600,3200,12,unconfirmed,unknown
1,OPTION-2c7eb1224d71b2,terrazzo-delicato,,Structured Honed,1600,3200,12,unconfirmed,unknown
1,OPTION-ba73ac576c7bf8,terrazzo-delicato,,Organic Matte,1600,3200,12,unconfirmed,unknown
1,OPTION-d5e0f123cd192a,publica-thunder,,Organic Matte,1600,3200,12,unconfirmed,unknown
1,OPTION-6d51412d3c5601,publica-thunder,,Patinated,1600,3200,12,unconfirmed,unknown
1,OPTION-46292e4476cd56,publica-horizon,,Organic Matte,1600,3200,12,unconfirmed,unknown
1,OPTION-13215cfdfbeaf1,publica-horizon,,Patinated,1600,3200,12,unconfirmed,unknown
1,OPTION-00ede24751966a,publica-terrain,,Organic Matte,1600,3200,12,unconfirmed,unknown
1,OPTION-04165e54595647,publica-terrain,,Patinated,1600,3200,12,unconfirmed,unknown
1,OPTION-dbb914d5873a9f,monoforma-moonlight,,Unglazed Polished,1600,3200,12,unconfirmed,unknown
1,OPTION-70fedfb37f6065,monoforma-moonlight,,Silk,1600,3200,12,unconfirmed,unknown
1,OPTION-939f6ffa4a1002,monoforma-oasis,,Unglazed Polished,1600,3200,12,unconfirmed,unknown
1,OPTION-22fcb2ec889518,monoforma-oasis,,Silk,1600,3200,12,unconfirmed,unknown
1,OPTION-b98a126d513f2d,monoforma-storm,,Unglazed Polished,1600,3200,12,unconfirmed,unknown
1,OPTION-2533828502520d,monoforma-storm,,Silk,1600,3200,12,unconfirmed,unknown
1,OPTION-30aec13613ccd0,monoforma-silhouette,,Unglazed Polished,1600,3200,12,unconfirmed,unknown
1,OPTION-43dae51cd6c95b,monoforma-silhouette,,Silk,1600,3200,12,unconfirmed,unknown
1,OPTION-c4ccb686768bdb,arabescato-corchia,,Polished,1600,3200,6,unconfirmed,unknown
1,OPTION-8c2b5aa14716ee,arabescato-corchia,,Honed,1600,3200,6,unconfirmed,unknown
1,OPTION-d230d6b8f05105,arabescato-vagli,,Polished,1600,3200,6,unconfirmed,unknown
1,OPTION-7dd97d71d573ad,arabescato-vagli,,Honed,1600,3200,6,unconfirmed,unknown
1,OPTION-eeacf54d98c090,statuario,,Polished,1600,3200,6,unconfirmed,unknown
1,OPTION-ff85a3b7c1a2fd,statuario,,Honed,1600,3200,6,unconfirmed,unknown
1,OPTION-27f9f909eb04a7,bianco-gioia,,Polished,1600,3200,6,unconfirmed,unknown
1,OPTION-f4356ad3d4d892,bianco-gioia,,Honed,1600,3200,6,unconfirmed,unknown
1,OPTION-90191f47f76ee1,montagna-grey,,Polished,1600,3200,6,unconfirmed,unknown
1,OPTION-d818a56b8b1478,montagna-grey,,Honed,1600,3200,6,unconfirmed,unknown
1,OPTION-7576dcb41ac304,calacatta-corchia,,Polished,1600,3200,6,unconfirmed,unknown
1,OPTION-e27bcf4101840c,calacatta-corchia,,Honed,1600,3200,6,unconfirmed,unknown
1,OPTION-db5deba56ed37a,calacatta-carrara,,Polished,1600,3200,6,unconfirmed,unknown
1,OPTION-4b6931b4e7ee7f,calacatta-carrara,,Honed,1600,3200,6,unconfirmed,unknown
1,OPTION-32a914b305a6c3,ariel-bianco,,Polished,1600,3200,6,unconfirmed,unknown
1,OPTION-23d1068a49eb4e,ariel-bianco,,Honed,1600,3200,6,unconfirmed,unknown
1,OPTION-131366c2c97466,panda,,Polished,1600,3200,6,unconfirmed,unknown
1,OPTION-45ab583555dc78,panda,,Honed,1600,3200,6,unconfirmed,unknown
1,OPTION-158c7f9c03c2a0,calacatta-oro,,Polished,1600,3200,6,unconfirmed,unknown
1,OPTION-35b1dad2f0cd45,calacatta-oro,,Honed,1600,3200,6,unconfirmed,unknown
1,OPTION-d38c3e8737e9d3,calacatta-cremo,,Polished,1600,3200,6,unconfirmed,unknown
1,OPTION-a716e197c17ba6,calacatta-cremo,,Honed,1600,3200,6,unconfirmed,unknown
1,OPTION-90e894ac995640,bianco-stratura,,Polished,1600,3200,6,unconfirmed,unknown
1,OPTION-2b9e823da8a17e,bianco-stratura,,Honed,1600,3200,6,unconfirmed,unknown
1,OPTION-7555cac964f25b,colorado-lincoln,,Polished,1600,3200,6,unconfirmed,unknown
1,OPTION-c66c1985fdda4b,colorado-lincoln,,Honed,1600,3200,6,unconfirmed,unknown
1,OPTION-f0b6a262c9d801,fusion-white,,Polished,1600,3200,6,unconfirmed,unknown
1,OPTION-729611a61319ca,fusion-white,,Honed,1600,3200,6,unconfirmed,unknown
1,OPTION-04b67e89160bb4,gemma-bronze,,Polished,1600,3200,6,unconfirmed,unknown
1,OPTION-68a5efd1f7b538,gemma-bronze,,Honed,1600,3200,6,unconfirmed,unknown
1,OPTION-62bb24b6c1233e,calacatta-picasso,,Polished,1600,3200,6,unconfirmed,unknown
1,OPTION-ff91dfc65a600b,calacatta-picasso,,Honed,1600,3200,6,unconfirmed,unknown
1,OPTION-4dc2edef3703b7,calacatta-viola,,Polished,1600,3200,6,unconfirmed,unknown
1,OPTION-a3a0c0a3e151bc,calacatta-viola,,Honed,1600,3200,6,unconfirmed,unknown
1,OPTION-47395b04086e05,calacatta-borghini,,Polished,1600,3200,6,unconfirmed,unknown
1,OPTION-edb975913425cf,calacatta-borghini,,Honed,1600,3200,6,unconfirmed,unknown
1,OPTION-fc50cf7ceca549,cristallo,,Polished,1600,3200,6,unconfirmed,unknown
1,OPTION-f99f75c8ab6433,cristallo,,Honed,1600,3200,6,unconfirmed,unknown
1,OPTION-5428ccc5003fb1,taj-mahal,,Polished,1600,3200,6,unconfirmed,unknown
1,OPTION-a70965e4708eae,taj-mahal,,Honed,1600,3200,6,unconfirmed,unknown
1,OPTION-9f6c2b12ce7489,atlantic-ocean,,Polished,1600,3200,6,unconfirmed,unknown
1,OPTION-0cdfde1c55daa2,atlantic-ocean,,Honed,1600,3200,6,unconfirmed,unknown
1,OPTION-02765fe895e6ff,marina-white,,Polished,1600,3200,6,unconfirmed,unknown
1,OPTION-20ece88c2c2883,marina-white,,Honed,1600,3200,6,unconfirmed,unknown
1,OPTION-675c7c2424c1c6,super-white,,Polished,1600,3200,6,unconfirmed,unknown
1,OPTION-ef258c8a13cb56,super-white,,Honed,1600,3200,6,unconfirmed,unknown
1,OPTION-0b6b9afb39c6a5,grigio-quarzo,,Honed,1600,3200,6,unconfirmed,unknown
1,OPTION-502977e41e1ef0,french-vanilla,,Polished,1600,3200,6,unconfirmed,unknown
1,OPTION-cea7aeb5ece083,french-vanilla,,Honed,1600,3200,6,unconfirmed,unknown
1,OPTION-9055418c2d95ce,forge-eleganza,,Polished,1600,3200,6,unconfirmed,unknown
1,OPTION-56d64a1c3a79b6,forge-eleganza,,Honed,1600,3200,6,unconfirmed,unknown
1,OPTION-9dcb2554b396bd,montagna-jade,,Polished,1600,3200,6,unconfirmed,unknown
1,OPTION-8ceb5f468c5e4a,montagna-jade,,Honed,1600,3200,6,unconfirmed,unknown
1,OPTION-385152b9529a93,verdi-alpi,,Polished,1600,3200,6,unconfirmed,unknown
1,OPTION-d465391e2e87ed,verdi-alpi,,Honed,1600,3200,6,unconfirmed,unknown
1,OPTION-479eb1160bbb1b,tuscano-burgundy,,Polished,1600,3200,6,unconfirmed,unknown
1,OPTION-54d062b4fd74a3,macchia-vecchia,,Polished,1600,3200,6,unconfirmed,unknown
1,OPTION-e388c6234ad1b1,macchia-vecchia,,Honed,1600,3200,6,unconfirmed,unknown
1,OPTION-4d42b870a8683f,foresta,,Polished,1600,3200,6,unconfirmed,unknown
1,OPTION-523173b7d712f9,foresta,,Honed,1600,3200,6,unconfirmed,unknown
1,OPTION-5ea77b283240da,pietra-imperiale,,Polished,1600,3200,6,unconfirmed,unknown
1,OPTION-4c4ca3592b38ac,pietra-imperiale,,Honed,1600,3200,6,unconfirmed,unknown
1,OPTION-028b53ec1beaa4,oro-noir,,Polished,1600,3200,6,unconfirmed,unknown
1,OPTION-bd8cf7911d85e8,oro-noir,,Honed,1600,3200,6,unconfirmed,unknown
1,OPTION-e8337a1fd948d8,bianco-dior,,Polished,1600,3200,6,unconfirmed,unknown
1,OPTION-e2b3786a11b328,bianco-dior,,Honed,1600,3200,6,unconfirmed,unknown
1,OPTION-fd52a04d003803,sahara-noir,,Polished,1600,3200,6,unconfirmed,unknown
1,OPTION-09d596eaac172d,sahara-noir,,Honed,1600,3200,6,unconfirmed,unknown
1,OPTION-1c49d062673f50,armani-noir,,Polished,1600,3200,6,unconfirmed,unknown
1,OPTION-1b1c68ef3f7d81,armani-noir,,Honed,1600,3200,6,unconfirmed,unknown
1,OPTION-7687fdc7368299,calacatta-noir,,Polished,1600,3200,6,unconfirmed,unknown
1,OPTION-f3a6748a8048f5,calacatta-noir,,Honed,1600,3200,6,unconfirmed,unknown
1,OPTION-22717c96e67397,nero-marquina,,Polished,1600,3200,6,unconfirmed,unknown
1,OPTION-d893ea8fd6774a,nero-marquina,,Honed,1600,3200,6,unconfirmed,unknown
1,OPTION-caa9303d6c3925,crystal-bianco,,Polished,1600,3200,6,unconfirmed,unknown
1,OPTION-bf3275c5e7190b,crystal-bianco,,Honed,1600,3200,6,unconfirmed,unknown
1,OPTION-8064c72177c5cc,onyx-halo,,Polished,1600,3200,6,unconfirmed,unknown
1,OPTION-673fff7f9831b9,onyx-halo,,Honed,1600,3200,6,unconfirmed,unknown
1,OPTION-f3482718ea5653,travertino-classico,,Structured Honed,1600,3200,6,unconfirmed,unknown
1,OPTION-68b076cab87795,travertino-classico,,Organic Matte,1600,3200,6,unconfirmed,unknown
1,OPTION-b30c1140c903e2,travertino-classico,,Grained,1600,3200,6,unconfirmed,unknown
1,OPTION-f755240feb489d,travertino-titanium,,Structured Honed,1600,3200,6,unconfirmed,unknown
1,OPTION-c238f8384ca38f,travertino-titanium,,Organic Matte,1600,3200,6,unconfirmed,unknown
1,OPTION-18a2fcc87767f2,travertino-titanium,,Grained,1600,3200,6,unconfirmed,unknown
1,OPTION-295ef02878d25a,serena-flint,,Structured Honed,1600,3200,6,unconfirmed,unknown
1,OPTION-dcbdcfc0257fb1,serena-flint,,Organic Matte,1600,3200,6,unconfirmed,unknown
1,OPTION-b1a18b194cee6d,serena-crater,,Structured Honed,1600,3200,6,unconfirmed,unknown
1,OPTION-44691464e2c87a,serena-crater,,Organic Matte,1600,3200,6,unconfirmed,unknown
1,OPTION-a3bfb013214023,serena-shale,,Structured Honed,1600,3200,6,unconfirmed,unknown
1,OPTION-3406e60a9b5f83,serena-shale,,Organic Matte,1600,3200,6,unconfirmed,unknown
1,OPTION-81b79e1f76c9ff,lithoform-crosscut-dunes,,Structured Honed,1600,3200,6,unconfirmed,unknown
1,OPTION-b9aa5228a89e70,lithoform-crosscut-dunes,,Organic Matte,1600,3200,6,unconfirmed,unknown
1,OPTION-24a1f31cde873c,lithoform-crosscut-dunes,,Vintage,1600,3200,6,unconfirmed,unknown
1,OPTION-573f9b919a6bdf,lithoform-crosscut-coast,,Structured Honed,1600,3200,6,unconfirmed,unknown
1,OPTION-12bc8197fdc1f8,lithoform-crosscut-coast,,Organic Matte,1600,3200,6,unconfirmed,unknown
1,OPTION-64308895c18098,lithoform-crosscut-coast,,Vintage,1600,3200,6,unconfirmed,unknown
1,OPTION-7e4756255ef6aa,lithoform-crosscut-vista,,Structured Honed,1600,3200,6,unconfirmed,unknown
1,OPTION-5ebd42f9854bda,lithoform-crosscut-vista,,Organic Matte,1600,3200,6,unconfirmed,unknown
1,OPTION-a10c809ec613df,lithoform-crosscut-vista,,Vintage,1600,3200,6,unconfirmed,unknown
1,OPTION-3fb944999a3e58,lithoform-veincut-dunes,,Structured Honed,1600,3200,6,unconfirmed,unknown
1,OPTION-3323dcaba15e5f,lithoform-veincut-dunes,,Organic Matte,1600,3200,6,unconfirmed,unknown
1,OPTION-f59a396d60f6b5,lithoform-veincut-coast,,Structured Honed,1600,3200,6,unconfirmed,unknown
1,OPTION-10d5537b7c4727,lithoform-veincut-coast,,Organic Matte,1600,3200,6,unconfirmed,unknown
1,OPTION-d6bf113f72196a,lithoform-veincut-vista,,Structured Honed,1600,3200,6,unconfirmed,unknown
1,OPTION-24c83c7b54bd4b,lithoform-veincut-vista,,Organic Matte,1600,3200,6,unconfirmed,unknown
1,OPTION-43f4b05934bd94,ceppo-di-gre,,Structured Honed,1600,3200,6,unconfirmed,unknown
1,OPTION-6fcb49249daf1e,ceppo-di-gre,,Organic Matte,1600,3200,6,unconfirmed,unknown
1,OPTION-8d3205fe179727,publica-thunder,,Organic Matte,1600,3200,6,unconfirmed,unknown
1,OPTION-b05a1cdb46efb4,publica-thunder,,Patinated,1600,3200,6,unconfirmed,unknown
1,OPTION-fe1310dcdccfe5,publica-horizon,,Organic Matte,1600,3200,6,unconfirmed,unknown
1,OPTION-5382da9111a358,publica-horizon,,Patinated,1600,3200,6,unconfirmed,unknown
1,OPTION-676ee3fc624cbd,publica-terrain,,Organic Matte,1600,3200,6,unconfirmed,unknown
1,OPTION-3e459bc61612d0,publica-terrain,,Patinated,1600,3200,6,unconfirmed,unknown
1,OPTION-3ce2a7266798a5,monoforma-moonlight,,Unglazed Polished,1600,3200,6,unconfirmed,unknown
1,OPTION-3cebfd018b2409,monoforma-moonlight,,Silk,1600,3200,6,unconfirmed,unknown
1,OPTION-51b92bbbd692bf,monoforma-oasis,,Unglazed Polished,1600,3200,6,unconfirmed,unknown
1,OPTION-c9dcbbc9933027,monoforma-oasis,,Silk,1600,3200,6,unconfirmed,unknown
1,OPTION-c0dd978538ca74,monoforma-storm,,Unglazed Polished,1600,3200,6,unconfirmed,unknown
1,OPTION-4f2687bddcbb24,monoforma-storm,,Silk,1600,3200,6,unconfirmed,unknown
1,OPTION-a631b0ec1f0216,monoforma-silhouette,,Unglazed Polished,1600,3200,6,unconfirmed,unknown
1,OPTION-ca49422956e817,monoforma-silhouette,,Silk,1600,3200,6,unconfirmed,unknown
1,OPTION-2746005cca90a4,arabescato-corchia,,Polished,298,598,,unconfirmed,unknown
1,OPTION-b54c1fe80c54a6,arabescato-corchia,,Polished,598,598,,unconfirmed,unknown
1,OPTION-3772c134fd2679,arabescato-corchia,,Polished,598,1198,,unconfirmed,unknown
1,OPTION-d678450ca5b88f,arabescato-corchia,,Polished,1198,1198,,unconfirmed,unknown
1,OPTION-17c129b1058ec6,arabescato-corchia,,Polished,898,898,,unconfirmed,unknown
1,OPTION-736d9f961d35c9,arabescato-corchia,,Polished,1198,2798,,unconfirmed,unknown
1,OPTION-0621bc84eb79e7,arabescato-corchia,,Honed,298,598,,unconfirmed,unknown
1,OPTION-38fc69608410d8,arabescato-corchia,,Honed,598,598,,unconfirmed,unknown
1,OPTION-4949ed35f4d07a,arabescato-corchia,,Honed,598,1198,,unconfirmed,unknown
1,OPTION-a64b399c377189,arabescato-corchia,,Honed,1198,1198,,unconfirmed,unknown
1,OPTION-2e1763136e8039,arabescato-corchia,,Honed,898,898,,unconfirmed,unknown
1,OPTION-a5d9dc21f7b4a7,arabescato-corchia,,Honed,1198,2798,,unconfirmed,unknown
1,OPTION-ca527945864e8d,statuario,,Polished,298,598,,unconfirmed,unknown
1,OPTION-acd5921f7eda29,statuario,,Polished,598,598,,unconfirmed,unknown
1,OPTION-0eaccc9c005b37,statuario,,Polished,598,1198,,unconfirmed,unknown
1,OPTION-2d56c1bc406dce,statuario,,Polished,1198,1198,,unconfirmed,unknown
1,OPTION-8c543077d8812f,statuario,,Polished,898,898,,unconfirmed,unknown
1,OPTION-f3c0c6b9376f0d,statuario,,Polished,1198,2798,,unconfirmed,unknown
1,OPTION-d63aaf97f5c6f0,statuario,,Honed,298,598,,unconfirmed,unknown
1,OPTION-7ce975d43b0d2f,statuario,,Honed,598,598,,unconfirmed,unknown
1,OPTION-819846db11ebf7,statuario,,Honed,598,1198,,unconfirmed,unknown
1,OPTION-429069e73c9099,statuario,,Honed,1198,1198,,unconfirmed,unknown
1,OPTION-bb297bc2006eaa,statuario,,Honed,898,898,,unconfirmed,unknown
1,OPTION-92ae60e582d3f5,statuario,,Honed,1198,2798,,unconfirmed,unknown
1,OPTION-102a09c8f53105,statuario,,Vintage,298,598,,unconfirmed,unknown
1,OPTION-c05f9ed4eb2f8e,statuario,,Vintage,598,598,,unconfirmed,unknown
1,OPTION-7035cad26da7fd,statuario,,Vintage,598,1198,,unconfirmed,unknown
1,OPTION-9a3df1628a795a,bianco-gioia,,Polished,298,598,,unconfirmed,unknown
1,OPTION-0a2c75f785bb85,bianco-gioia,,Polished,598,598,,unconfirmed,unknown
1,OPTION-71807ce730ce21,bianco-gioia,,Polished,598,1198,,unconfirmed,unknown
1,OPTION-39f9e4fa30584a,bianco-gioia,,Polished,1198,1198,,unconfirmed,unknown
1,OPTION-0cebb29f7053ab,bianco-gioia,,Polished,898,898,,unconfirmed,unknown
1,OPTION-7890710b847af1,bianco-gioia,,Polished,1198,2798,,unconfirmed,unknown
1,OPTION-29e09cb72182e4,bianco-gioia,,Honed,298,598,,unconfirmed,unknown
1,OPTION-15e0ae90f1b3b3,bianco-gioia,,Honed,598,598,,unconfirmed,unknown
1,OPTION-eaa0c43f79f7dc,bianco-gioia,,Honed,598,1198,,unconfirmed,unknown
1,OPTION-e9ba71b901f75b,bianco-gioia,,Honed,1198,1198,,unconfirmed,unknown
1,OPTION-e615d247c818a6,bianco-gioia,,Honed,898,898,,unconfirmed,unknown
1,OPTION-ac4753275a50b9,bianco-gioia,,Honed,1198,2798,,unconfirmed,unknown
1,OPTION-07efa172b8b99b,bianco-gioia,,Vintage,298,598,,unconfirmed,unknown
1,OPTION-51e60c29b2c03f,bianco-gioia,,Vintage,598,598,,unconfirmed,unknown
1,OPTION-57ee22782e5dc9,bianco-gioia,,Vintage,598,1198,,unconfirmed,unknown
1,OPTION-0e9c003ce63ac6,bianco-gioia,,20mm,600,1200,,unconfirmed,unknown
1,OPTION-a3246b08e78226,bianco-gioia,,20mm,900,900,,unconfirmed,unknown
1,OPTION-c1065fd3fc7869,calacatta-corchia,,Polished,298,598,,unconfirmed,unknown
1,OPTION-09968d8e048c48,calacatta-corchia,,Polished,598,598,,unconfirmed,unknown
1,OPTION-045215f5cf0ae0,calacatta-corchia,,Polished,598,1198,,unconfirmed,unknown
1,OPTION-005c8f675ee60d,calacatta-corchia,,Polished,1198,1198,,unconfirmed,unknown
1,OPTION-5edea99121090a,calacatta-corchia,,Polished,898,898,,unconfirmed,unknown
1,OPTION-17d5e305cfdcdd,calacatta-corchia,,Polished,1198,2798,,unconfirmed,unknown
1,OPTION-272ff281f23dfa,calacatta-corchia,,Honed,298,598,,unconfirmed,unknown
1,OPTION-79bfbe481b827d,calacatta-corchia,,Honed,598,598,,unconfirmed,unknown
1,OPTION-40a9c6a018bea4,calacatta-corchia,,Honed,598,1198,,unconfirmed,unknown
1,OPTION-2c3a59c4a8cd79,calacatta-corchia,,Honed,1198,1198,,unconfirmed,unknown
1,OPTION-5447ab46e5a2bf,calacatta-corchia,,Honed,898,898,,unconfirmed,unknown
1,OPTION-5f092c37d55e71,calacatta-corchia,,Honed,1198,2798,,unconfirmed,unknown
1,OPTION-e67608d609fc72,ariel-bianco,,Polished,298,598,,unconfirmed,unknown
1,OPTION-716e9fde9143d1,ariel-bianco,,Polished,598,598,,unconfirmed,unknown
1,OPTION-157aae114a0c57,ariel-bianco,,Polished,598,1198,,unconfirmed,unknown
1,OPTION-9681e61b939182,ariel-bianco,,Polished,1198,1198,,unconfirmed,unknown
1,OPTION-bd33ed5c91309c,ariel-bianco,,Polished,898,898,,unconfirmed,unknown
1,OPTION-8f431a8a007661,ariel-bianco,,Polished,1198,2798,,unconfirmed,unknown
1,OPTION-63a3e0ac1634bf,ariel-bianco,,Honed,298,598,,unconfirmed,unknown
1,OPTION-470a022f6fa1a6,ariel-bianco,,Honed,598,598,,unconfirmed,unknown
1,OPTION-092d57b49a4fce,ariel-bianco,,Honed,598,1198,,unconfirmed,unknown
1,OPTION-0b44d40eb28bb4,ariel-bianco,,Honed,1198,1198,,unconfirmed,unknown
1,OPTION-194bd28cce1271,ariel-bianco,,Honed,898,898,,unconfirmed,unknown
1,OPTION-c3d6dd4578059d,ariel-bianco,,Honed,1198,2798,,unconfirmed,unknown
1,OPTION-7cb7b14621088c,calacatta-oro,,Polished,298,598,,unconfirmed,unknown
1,OPTION-879eefd745afe5,calacatta-oro,,Polished,598,598,,unconfirmed,unknown
1,OPTION-4c6385ee800176,calacatta-oro,,Polished,598,1198,,unconfirmed,unknown
1,OPTION-14562d76e24219,calacatta-oro,,Polished,1198,1198,,unconfirmed,unknown
1,OPTION-ee4c1fe5c182d9,calacatta-oro,,Polished,898,898,,unconfirmed,unknown
1,OPTION-3bc270dd9bae88,calacatta-oro,,Polished,1198,2798,,unconfirmed,unknown
1,OPTION-3878c9afeff7ca,calacatta-oro,,Honed,298,598,,unconfirmed,unknown
1,OPTION-8ba52b8af2caef,calacatta-oro,,Honed,598,598,,unconfirmed,unknown
1,OPTION-185104a7b06771,calacatta-oro,,Honed,598,1198,,unconfirmed,unknown
1,OPTION-97665c06431d2a,calacatta-oro,,Honed,1198,1198,,unconfirmed,unknown
1,OPTION-01be2c51b6d109,calacatta-oro,,Honed,898,898,,unconfirmed,unknown
1,OPTION-aa5df86282aab5,calacatta-oro,,Honed,1198,2798,,unconfirmed,unknown
1,OPTION-71e4ce2d14a8c0,calacatta-oro,,Vintage,298,598,,unconfirmed,unknown
1,OPTION-43f9e1097221b0,calacatta-oro,,Vintage,598,598,,unconfirmed,unknown
1,OPTION-8512d564765e48,calacatta-oro,,Vintage,598,1198,,unconfirmed,unknown
1,OPTION-c9df25876a8749,calacatta-cremo,,Polished,298,598,,unconfirmed,unknown
1,OPTION-5f4c416dfccff8,calacatta-cremo,,Polished,598,598,,unconfirmed,unknown
1,OPTION-a7efe137955639,calacatta-cremo,,Polished,598,1198,,unconfirmed,unknown
1,OPTION-6abb3d943e254d,calacatta-cremo,,Polished,1198,1198,,unconfirmed,unknown
1,OPTION-fd86d6af63511d,calacatta-cremo,,Polished,898,898,,unconfirmed,unknown
1,OPTION-811e6950303194,calacatta-cremo,,Polished,1198,2798,,unconfirmed,unknown
1,OPTION-5ad560f6612d7e,calacatta-cremo,,Honed,298,598,,unconfirmed,unknown
1,OPTION-5af4978015d451,calacatta-cremo,,Honed,598,598,,unconfirmed,unknown
1,OPTION-ee4eb7c113755e,calacatta-cremo,,Honed,598,1198,,unconfirmed,unknown
1,OPTION-92ea71daa815a8,calacatta-cremo,,Honed,1198,1198,,unconfirmed,unknown
1,OPTION-0b2361ba283951,calacatta-cremo,,Honed,898,898,,unconfirmed,unknown
1,OPTION-3d9755d8c32e7d,calacatta-cremo,,Honed,1198,2798,,unconfirmed,unknown
1,OPTION-e3aaec0d77b6cf,bianco-stratura,,Polished,298,598,,unconfirmed,unknown
1,OPTION-610f62059d1668,bianco-stratura,,Polished,598,1198,,unconfirmed,unknown
1,OPTION-60b391d2c25f0f,bianco-stratura,,Polished,898,1798,,unconfirmed,unknown
1,OPTION-c3c0a9bbad6486,bianco-stratura,,Polished,1198,2798,,unconfirmed,unknown
1,OPTION-e98164593fb4a9,bianco-stratura,,Honed,298,598,,unconfirmed,unknown
1,OPTION-e9f0ba0d8bee6f,bianco-stratura,,Honed,598,1198,,unconfirmed,unknown
1,OPTION-7483cafbb100ec,bianco-stratura,,Honed,898,1798,,unconfirmed,unknown
1,OPTION-35a83c7dcb112c,bianco-stratura,,Honed,1198,2798,,unconfirmed,unknown
1,OPTION-402c3bb7366505,gemma-bronze,,Polished,1198,2798,,unconfirmed,unknown
1,OPTION-0353eaf01bfc7e,gemma-bronze,,Honed,1198,2798,,unconfirmed,unknown
1,OPTION-403a4f14965bc1,calacatta-borghini,,Polished,298,598,,unconfirmed,unknown
1,OPTION-20b46eb16b5085,calacatta-borghini,,Polished,598,598,,unconfirmed,unknown
1,OPTION-6c7e7962ffdfa4,calacatta-borghini,,Polished,598,1198,,unconfirmed,unknown
1,OPTION-0eb06b4f037d16,calacatta-borghini,,Polished,1198,1198,,unconfirmed,unknown
1,OPTION-448862a2e86d4b,calacatta-borghini,,Polished,898,898,,unconfirmed,unknown
1,OPTION-10514d5d8d04ef,calacatta-borghini,,Polished,1198,2798,,unconfirmed,unknown
1,OPTION-ca39fe9a9283ed,calacatta-borghini,,Honed,298,598,,unconfirmed,unknown
1,OPTION-904cbf32b3134d,calacatta-borghini,,Honed,598,598,,unconfirmed,unknown
1,OPTION-683652bfb61909,calacatta-borghini,,Honed,598,1198,,unconfirmed,unknown
1,OPTION-5c6cae9ecd8a26,calacatta-borghini,,Honed,1198,1198,,unconfirmed,unknown
1,OPTION-4d11776d090db1,calacatta-borghini,,Honed,898,898,,unconfirmed,unknown
1,OPTION-cae649362a5dc7,calacatta-borghini,,Honed,1198,2798,,unconfirmed,unknown
1,OPTION-36cba4d8c69b5e,calacatta-borghini,,Vintage,298,598,,unconfirmed,unknown
1,OPTION-a15319eec56d3e,calacatta-borghini,,Vintage,598,598,,unconfirmed,unknown
1,OPTION-ef10db134948cd,calacatta-borghini,,Vintage,598,1198,,unconfirmed,unknown
1,OPTION-c15ca7a5942853,taj-mahal,,Polished,298,598,,unconfirmed,unknown
1,OPTION-bc9d23fd07a6df,taj-mahal,,Polished,598,598,,unconfirmed,unknown
1,OPTION-6029179aae5ddd,taj-mahal,,Polished,598,1198,,unconfirmed,unknown
1,OPTION-17e2ba69d6b777,taj-mahal,,Polished,1198,1198,,unconfirmed,unknown
1,OPTION-db463f71508904,taj-mahal,,Polished,898,898,,unconfirmed,unknown
1,OPTION-ccf2986cb907c0,taj-mahal,,Polished,1198,2798,,unconfirmed,unknown
1,OPTION-98976889b759d2,taj-mahal,,Honed,298,598,,unconfirmed,unknown
1,OPTION-1503b39e36152a,taj-mahal,,Honed,598,598,,unconfirmed,unknown
1,OPTION-e0628388590a37,taj-mahal,,Honed,598,1198,,unconfirmed,unknown
1,OPTION-bdb9405a11f40d,taj-mahal,,Honed,1198,1198,,unconfirmed,unknown
1,OPTION-0592c4379d9b9b,taj-mahal,,Honed,898,898,,unconfirmed,unknown
1,OPTION-b3fdb0c8bbc619,taj-mahal,,Honed,1198,2798,,unconfirmed,unknown
1,OPTION-38904b320881d2,french-vanilla,,Polished,298,598,,unconfirmed,unknown
1,OPTION-3094ab0cd32708,french-vanilla,,Polished,598,598,,unconfirmed,unknown
1,OPTION-f0d2234f22e4ea,french-vanilla,,Polished,598,1198,,unconfirmed,unknown
1,OPTION-bb7a9ea5b0dba0,french-vanilla,,Polished,1198,1198,,unconfirmed,unknown
1,OPTION-f43d6bd3e5eb67,french-vanilla,,Polished,898,898,,unconfirmed,unknown
1,OPTION-d679272245f779,french-vanilla,,Polished,1198,2798,,unconfirmed,unknown
1,OPTION-d9be46db261477,french-vanilla,,Honed,298,598,,unconfirmed,unknown
1,OPTION-bb8fd028e97b22,french-vanilla,,Honed,598,598,,unconfirmed,unknown
1,OPTION-b509f8c5de947c,french-vanilla,,Honed,598,1198,,unconfirmed,unknown
1,OPTION-4648360e03beb0,french-vanilla,,Honed,1198,1198,,unconfirmed,unknown
1,OPTION-57cd5e9ad8f996,french-vanilla,,Honed,898,898,,unconfirmed,unknown
1,OPTION-0c008a85ac90ee,french-vanilla,,Honed,1198,2798,,unconfirmed,unknown
1,OPTION-100e099c5c6554,french-vanilla,,Vintage,298,598,,unconfirmed,unknown
1,OPTION-aa7ffd45121384,french-vanilla,,Vintage,598,598,,unconfirmed,unknown
1,OPTION-08b740163d4a3b,french-vanilla,,Vintage,598,1198,,unconfirmed,unknown
1,OPTION-20b75b0faacf2b,french-vanilla,,20mm,600,1200,,unconfirmed,unknown
1,OPTION-bcac539361b7bd,french-vanilla,,20mm,900,900,,unconfirmed,unknown
1,OPTION-f4cc27db18d06c,forge-eleganza,,Polished,298,598,,unconfirmed,unknown
1,OPTION-af589bfedf7d9f,forge-eleganza,,Polished,598,598,,unconfirmed,unknown
1,OPTION-92a3d841603e71,forge-eleganza,,Polished,598,1198,,unconfirmed,unknown
1,OPTION-90323508a35efa,forge-eleganza,,Polished,1198,1198,,unconfirmed,unknown
1,OPTION-6afa50ac7bb733,forge-eleganza,,Polished,898,898,,unconfirmed,unknown
1,OPTION-b7a7d6cd18487b,forge-eleganza,,Polished,1198,2798,,unconfirmed,unknown
1,OPTION-5e2de6c5945866,forge-eleganza,,Honed,298,598,,unconfirmed,unknown
1,OPTION-3fdd639dd64674,forge-eleganza,,Honed,598,598,,unconfirmed,unknown
1,OPTION-81dd35367c489d,forge-eleganza,,Honed,598,1198,,unconfirmed,unknown
1,OPTION-ac48d702e5a95a,forge-eleganza,,Honed,1198,1198,,unconfirmed,unknown
1,OPTION-393bfe0d3dea12,forge-eleganza,,Honed,898,898,,unconfirmed,unknown
1,OPTION-80224722c4399a,forge-eleganza,,Honed,1198,2798,,unconfirmed,unknown
1,OPTION-6102f4de34f1fd,forge-eleganza,,Vintage,298,598,,unconfirmed,unknown
1,OPTION-19f459f7f54188,forge-eleganza,,Vintage,598,598,,unconfirmed,unknown
1,OPTION-4b9fdd9351d949,forge-eleganza,,Vintage,598,1198,,unconfirmed,unknown
1,OPTION-ebac9cca9dec37,forge-eleganza,,20mm,600,1200,,unconfirmed,unknown
1,OPTION-705e8ff323fe9a,forge-eleganza,,20mm,900,900,,unconfirmed,unknown
1,OPTION-55aed8b278d45f,atlantic-ocean,,Polished,598,1198,,unconfirmed,unknown
1,OPTION-c38ba42ee824e7,atlantic-ocean,,Polished,898,898,,unconfirmed,unknown
1,OPTION-ac817985a15128,atlantic-ocean,,Polished,1198,2798,,unconfirmed,unknown
1,OPTION-6bf76679deb362,atlantic-ocean,,Honed,598,1198,,unconfirmed,unknown
1,OPTION-1a900dc13e9952,atlantic-ocean,,Honed,898,898,,unconfirmed,unknown
1,OPTION-86ba470f96d1ad,atlantic-ocean,,Honed,1198,2798,,unconfirmed,unknown
1,OPTION-9c65c1ed0e4891,verdi-alpi,,Polished,598,1198,,unconfirmed,unknown
1,OPTION-432ecd2c5fe1a8,verdi-alpi,,Polished,898,898,,unconfirmed,unknown
1,OPTION-bdeb7c7d7b7c51,verdi-alpi,,Polished,1198,2798,,unconfirmed,unknown
1,OPTION-283ca50211493b,verdi-alpi,,Honed,598,1198,,unconfirmed,unknown
1,OPTION-022bb7b185cb9f,verdi-alpi,,Honed,898,898,,unconfirmed,unknown
1,OPTION-cb20d1c19ea5d5,verdi-alpi,,Honed,1198,2798,,unconfirmed,unknown
1,OPTION-a5ad2bb8a767bd,foresta,,Polished,598,1198,,unconfirmed,unknown
1,OPTION-1e0508b2248220,foresta,,Polished,898,898,,unconfirmed,unknown
1,OPTION-c0a3ef0e4d62ed,foresta,,Polished,1198,2798,,unconfirmed,unknown
1,OPTION-c6d99fdc644c21,foresta,,Honed,598,1198,,unconfirmed,unknown
1,OPTION-5482e70ab4d4e1,foresta,,Honed,898,898,,unconfirmed,unknown
1,OPTION-4afe9bfc5c50d0,foresta,,Honed,1198,2798,,unconfirmed,unknown
1,OPTION-2a5f84083bc0e2,pietra-imperiale,,Polished,298,598,,unconfirmed,unknown
1,OPTION-809c099909999d,pietra-imperiale,,Polished,598,598,,unconfirmed,unknown
1,OPTION-b8dfe61f08ccdb,pietra-imperiale,,Polished,598,1198,,unconfirmed,unknown
1,OPTION-df7d4ccc1246e1,pietra-imperiale,,Polished,1198,1198,,unconfirmed,unknown
1,OPTION-7235c6da80b864,pietra-imperiale,,Polished,898,898,,unconfirmed,unknown
1,OPTION-8aeab74cc86cba,pietra-imperiale,,Polished,1198,2798,,unconfirmed,unknown
1,OPTION-5a25e69fb25a2b,pietra-imperiale,,Honed,298,598,,unconfirmed,unknown
1,OPTION-d35dc15804f4fb,pietra-imperiale,,Honed,598,598,,unconfirmed,unknown
1,OPTION-251c33a86aed48,pietra-imperiale,,Honed,598,1198,,unconfirmed,unknown
1,OPTION-f6af73e98347f6,pietra-imperiale,,Honed,1198,1198,,unconfirmed,unknown
1,OPTION-982a2179e3da9b,pietra-imperiale,,Honed,898,898,,unconfirmed,unknown
1,OPTION-0b9df1034a0485,pietra-imperiale,,Honed,1198,2798,,unconfirmed,unknown
1,OPTION-661118ab403977,pietra-imperiale,,Vintage,298,598,,unconfirmed,unknown
1,OPTION-629af2203f5a34,pietra-imperiale,,Vintage,598,598,,unconfirmed,unknown
1,OPTION-ed766ed3645dcc,pietra-imperiale,,Vintage,598,1198,,unconfirmed,unknown
1,OPTION-682c68565a407c,pietra-imperiale,,20mm,600,1200,,unconfirmed,unknown
1,OPTION-9e3a0b3236fc61,pietra-imperiale,,20mm,900,900,,unconfirmed,unknown
1,OPTION-8b79047f7f658f,macchia-vecchia,,Polished,1198,2798,,unconfirmed,unknown
1,OPTION-d6df9b7f860abc,macchia-vecchia,,Honed,1198,2798,,unconfirmed,unknown
1,OPTION-46051aaf7b11f3,tuscano-burgundy,,Polished,1198,2798,,unconfirmed,unknown
1,OPTION-bf235d350b07a5,oro-noir,,Polished,1198,2798,,unconfirmed,unknown
1,OPTION-f8be0c87725d71,oro-noir,,Honed,1198,2798,,unconfirmed,unknown
1,OPTION-f997f703f2be4e,bianco-dior,,Polished,1198,2798,,unconfirmed,unknown
1,OPTION-82d4bcbd12e464,bianco-dior,,Honed,1198,2798,,unconfirmed,unknown
1,OPTION-045fba0e2ddaa0,sahara-noir,,Polished,598,1198,,unconfirmed,unknown
1,OPTION-fa37249da25050,sahara-noir,,Polished,898,898,,unconfirmed,unknown
1,OPTION-f5e68091a8261e,sahara-noir,,Polished,1198,2798,,unconfirmed,unknown
1,OPTION-7d423f2859a636,sahara-noir,,Honed,598,1198,,unconfirmed,unknown
1,OPTION-d2bf8243d9dbb3,sahara-noir,,Honed,898,898,,unconfirmed,unknown
1,OPTION-00e15c822cc50e,sahara-noir,,Honed,1198,2798,,unconfirmed,unknown
1,OPTION-c709f6224bd27f,calacatta-noir,,Polished,298,598,,unconfirmed,unknown
1,OPTION-2f38875c93b0bf,calacatta-noir,,Polished,598,598,,unconfirmed,unknown
1,OPTION-a411d3e7597a65,calacatta-noir,,Polished,598,1198,,unconfirmed,unknown
1,OPTION-ef1e2e1bbe44ca,calacatta-noir,,Polished,1198,1198,,unconfirmed,unknown
1,OPTION-169f73d1ee7356,calacatta-noir,,Polished,898,898,,unconfirmed,unknown
1,OPTION-3777c8f6434307,calacatta-noir,,Polished,1198,2798,,unconfirmed,unknown
1,OPTION-89692d8b0bca75,calacatta-noir,,Honed,298,598,,unconfirmed,unknown
1,OPTION-4736dd5bbf5166,calacatta-noir,,Honed,598,598,,unconfirmed,unknown
1,OPTION-eca5ca2ab1bcdc,calacatta-noir,,Honed,598,1198,,unconfirmed,unknown
1,OPTION-8b5c3e9defa2f5,calacatta-noir,,Honed,1198,1198,,unconfirmed,unknown
1,OPTION-c00201daf89a06,calacatta-noir,,Honed,898,898,,unconfirmed,unknown
1,OPTION-b03d5056c6c14e,calacatta-noir,,Honed,1198,2798,,unconfirmed,unknown
1,OPTION-643bbb07877696,calacatta-noir,,Vintage,298,598,,unconfirmed,unknown
1,OPTION-6d967a9a606ae8,calacatta-noir,,Vintage,598,598,,unconfirmed,unknown
1,OPTION-a5469edf7ce8a3,calacatta-noir,,Vintage,598,1198,,unconfirmed,unknown
1,OPTION-9660089a15e34c,calacatta-noir,,20mm,600,1200,,unconfirmed,unknown
1,OPTION-953773383c8298,calacatta-noir,,20mm,900,900,,unconfirmed,unknown
1,OPTION-755f018fafab47,travertino-classico,,Structured Honed,298,598,,unconfirmed,unknown
1,OPTION-84fabf02d43e5c,travertino-classico,,Structured Honed,598,1198,,unconfirmed,unknown
1,OPTION-c1547c65dfa073,travertino-classico,,Structured Honed,898,1798,,unconfirmed,unknown
1,OPTION-070809875d9d9c,travertino-classico,,Structured Honed,1198,2798,,unconfirmed,unknown
1,OPTION-52580748d5c0a0,travertino-classico,,Structured matt,298,598,,unconfirmed,unknown
1,OPTION-f66e3dee77aa41,travertino-classico,,Structured matt,598,1198,,unconfirmed,unknown
1,OPTION-36948cd630ad95,travertino-classico,,Structured matt,898,1798,,unconfirmed,unknown
1,OPTION-b5950caf60b7f5,travertino-classico,,Grained,298,598,,unconfirmed,unknown
1,OPTION-db681c5d6a303d,travertino-classico,,Grained,598,1198,,unconfirmed,unknown
1,OPTION-b7b6c6d116840d,travertino-classico,,Grained,898,1798,,unconfirmed,unknown
1,OPTION-8cc047f3d1af22,travertino-classico,,20mm,600,1200,,unconfirmed,unknown
1,OPTION-a4cc7438b8482c,travertino-titanium,,Structured Honed,298,598,,unconfirmed,unknown
1,OPTION-3232019d4c1688,travertino-titanium,,Structured Honed,598,1198,,unconfirmed,unknown
1,OPTION-a88cfca11bb428,travertino-titanium,,Structured Honed,898,1798,,unconfirmed,unknown
1,OPTION-7ff8c6d092c274,travertino-titanium,,Structured Honed,1198,2798,,unconfirmed,unknown
1,OPTION-962be44ab4acff,travertino-titanium,,Structured matt,298,598,,unconfirmed,unknown
1,OPTION-63c9800ee08a45,travertino-titanium,,Structured matt,598,1198,,unconfirmed,unknown
1,OPTION-d1731666b9e34b,travertino-titanium,,Structured matt,898,1798,,unconfirmed,unknown
1,OPTION-4a553557c340cf,travertino-titanium,,Grained,298,598,,unconfirmed,unknown
1,OPTION-1a1308b7c3af7d,travertino-titanium,,Grained,598,1198,,unconfirmed,unknown
1,OPTION-05fa9bde57b4aa,travertino-titanium,,Grained,898,1798,,unconfirmed,unknown
1,OPTION-24240256454666,travertino-titanium,,20mm,600,1200,,unconfirmed,unknown
1,OPTION-f240aa2895b81d,crystal-bianco,,Polished,298,598,,unconfirmed,unknown
1,OPTION-643c32cececfd4,crystal-bianco,,Polished,598,598,,unconfirmed,unknown
1,OPTION-a35a3143ba7725,crystal-bianco,,Polished,598,1198,,unconfirmed,unknown
1,OPTION-cc252145d3cc16,crystal-bianco,,Polished,1198,1198,,unconfirmed,unknown
1,OPTION-86a0a167b9690d,crystal-bianco,,Polished,898,898,,unconfirmed,unknown
1,OPTION-c7dde94a4dbe07,crystal-bianco,,Polished,1198,2798,,unconfirmed,unknown
1,OPTION-5fc1088b970f4c,crystal-bianco,,Honed,298,598,,unconfirmed,unknown
1,OPTION-5c01509df3c86a,crystal-bianco,,Honed,598,598,,unconfirmed,unknown
1,OPTION-28cd1dbf98e8bf,crystal-bianco,,Honed,598,1198,,unconfirmed,unknown
1,OPTION-777da38b2c15e0,crystal-bianco,,Honed,1198,1198,,unconfirmed,unknown
1,OPTION-b721bf77823f10,crystal-bianco,,Honed,898,898,,unconfirmed,unknown
1,OPTION-d9ef7494dddfa1,crystal-bianco,,Honed,1198,2798,,unconfirmed,unknown
1,OPTION-048dd202fd4ce5,ceppo-di-gre,,Structured Honed,298,598,,unconfirmed,unknown
1,OPTION-73a3c3b4c2be91,ceppo-di-gre,,Structured Honed,598,598,,unconfirmed,unknown
1,OPTION-4c7688478749c1,ceppo-di-gre,,Structured Honed,598,1198,,unconfirmed,unknown
1,OPTION-52225aa6e1793b,ceppo-di-gre,,Structured Honed,1198,1198,,unconfirmed,unknown
1,OPTION-315682bdf0cba1,ceppo-di-gre,,Structured Honed,898,898,,unconfirmed,unknown
1,OPTION-2b22dcc27f833c,ceppo-di-gre,,Structured Honed,1198,2798,,unconfirmed,unknown
1,OPTION-d122da6a151b95,ceppo-di-gre,,Structured matt,298,598,,unconfirmed,unknown
1,OPTION-194d261af0e676,ceppo-di-gre,,Structured matt,598,598,,unconfirmed,unknown
1,OPTION-10ea2a2d9a8c54,ceppo-di-gre,,Structured matt,598,1198,,unconfirmed,unknown
1,OPTION-83cf63ce7648be,ceppo-di-gre,,Grained,298,598,,unconfirmed,unknown
1,OPTION-cd769421900257,ceppo-di-gre,,Grained,598,598,,unconfirmed,unknown
1,OPTION-3143b37ddc8948,ceppo-di-gre,,Grained,598,1198,,unconfirmed,unknown
1,OPTION-091d6a7094dee7,ceppo-di-gre,,20mm,600,1200,,unconfirmed,unknown
1,OPTION-e0067429c6bb95,ceppo-di-gre,,20mm,900,900,,unconfirmed,unknown
1,OPTION-15b503788e76d6,onyx-new-color-name-pending,,Polished,298,598,,unconfirmed,unknown
1,OPTION-f3ed378b09ddc4,onyx-new-color-name-pending,,Polished,598,598,,unconfirmed,unknown
1,OPTION-84d7c348361fa7,onyx-new-color-name-pending,,Polished,598,1198,,unconfirmed,unknown
1,OPTION-9042538082a073,onyx-new-color-name-pending,,Polished,1198,1198,,unconfirmed,unknown
1,OPTION-6fddee5b9808f6,onyx-new-color-name-pending,,Polished,898,898,,unconfirmed,unknown
1,OPTION-8fd4e9009a7a0a,onyx-new-color-name-pending,,Polished,1198,2798,,unconfirmed,unknown
1,OPTION-d598f53870cc94,onyx-new-color-name-pending,,Honed,298,598,,unconfirmed,unknown
1,OPTION-3f2f14378d3a34,onyx-new-color-name-pending,,Honed,598,598,,unconfirmed,unknown
1,OPTION-cf673d02ebdfcf,onyx-new-color-name-pending,,Honed,598,1198,,unconfirmed,unknown
1,OPTION-1e4c8dbe47614d,onyx-new-color-name-pending,,Honed,1198,1198,,unconfirmed,unknown
1,OPTION-e00305f8a16534,onyx-new-color-name-pending,,Honed,898,898,,unconfirmed,unknown
1,OPTION-ff68dafce2bd38,onyx-new-color-name-pending,,Honed,1198,2798,,unconfirmed,unknown
1,OPTION-3957a19223b748,onyx-crema,,Polished,298,598,,unconfirmed,unknown
1,OPTION-0cb115f7653303,onyx-crema,,Polished,598,598,,unconfirmed,unknown
1,OPTION-4b56fc09b8a71e,onyx-crema,,Polished,598,1198,,unconfirmed,unknown
1,OPTION-569a5a49bc5e39,onyx-crema,,Polished,1198,1198,,unconfirmed,unknown
1,OPTION-4b98f8757e196f,onyx-crema,,Polished,898,898,,unconfirmed,unknown
1,OPTION-10f23c373cf41a,onyx-crema,,Polished,1198,2798,,unconfirmed,unknown
1,OPTION-97f6d7ac3968fd,onyx-crema,,Honed,298,598,,unconfirmed,unknown
1,OPTION-5dc4f17fa17317,onyx-crema,,Honed,598,598,,unconfirmed,unknown
1,OPTION-3d441a09b9b086,onyx-crema,,Honed,598,1198,,unconfirmed,unknown
1,OPTION-f050188b50f581,onyx-crema,,Honed,1198,1198,,unconfirmed,unknown
1,OPTION-900897c358bfe5,onyx-crema,,Honed,898,898,,unconfirmed,unknown
1,OPTION-bf8139f187fa43,onyx-crema,,Honed,1198,2798,,unconfirmed,unknown
1,OPTION-433f18fc2067e7,onyx-hazel,,Polished,298,598,,unconfirmed,unknown
1,OPTION-48f42b010e0840,onyx-hazel,,Polished,598,598,,unconfirmed,unknown
1,OPTION-c7585a769bff56,onyx-hazel,,Polished,598,1198,,unconfirmed,unknown
1,OPTION-bc9279ea6dcf96,onyx-hazel,,Polished,1198,1198,,unconfirmed,unknown
1,OPTION-eb312fbca77198,onyx-hazel,,Polished,898,898,,unconfirmed,unknown
1,OPTION-6d1200d4b1dd78,onyx-hazel,,Polished,1198,2798,,unconfirmed,unknown
1,OPTION-a98467f0d898c6,onyx-hazel,,Honed,298,598,,unconfirmed,unknown
1,OPTION-b74cfb8c38d8e0,onyx-hazel,,Honed,598,598,,unconfirmed,unknown
1,OPTION-090ec51ee269eb,onyx-hazel,,Honed,598,1198,,unconfirmed,unknown
1,OPTION-2e57238ae2e698,onyx-hazel,,Honed,1198,1198,,unconfirmed,unknown
1,OPTION-d2874d1c617fe2,onyx-hazel,,Honed,898,898,,unconfirmed,unknown
1,OPTION-5a69f0b184919d,onyx-hazel,,Honed,1198,2798,,unconfirmed,unknown
1,OPTION-5294b8699a2107,onyx-sage,,Polished,298,598,,unconfirmed,unknown
1,OPTION-b62d467e422a5e,onyx-sage,,Polished,598,598,,unconfirmed,unknown
1,OPTION-dfa53dedcf767d,onyx-sage,,Polished,598,1198,,unconfirmed,unknown
1,OPTION-a761e4240666b0,onyx-sage,,Polished,1198,1198,,unconfirmed,unknown
1,OPTION-6488743791ee91,onyx-sage,,Polished,898,898,,unconfirmed,unknown
1,OPTION-57a0ed7553965e,onyx-sage,,Polished,1198,2798,,unconfirmed,unknown
1,OPTION-8f4bb012600edd,onyx-sage,,Honed,298,598,,unconfirmed,unknown
1,OPTION-39b854d66fb234,onyx-sage,,Honed,598,598,,unconfirmed,unknown
1,OPTION-e2bd32611b348d,onyx-sage,,Honed,598,1198,,unconfirmed,unknown
1,OPTION-77158fdff272f6,onyx-sage,,Honed,1198,1198,,unconfirmed,unknown
1,OPTION-63d98357f55ac1,onyx-sage,,Honed,898,898,,unconfirmed,unknown
1,OPTION-282b6bd22fc933,onyx-sage,,Honed,1198,2798,,unconfirmed,unknown
1,OPTION-e793c26367fbe8,serena-flint,,Structured Honed,298,598,,unconfirmed,unknown
1,OPTION-82ae50655f07d5,serena-flint,,Structured Honed,598,598,,unconfirmed,unknown
1,OPTION-c5ad5de8d2ea75,serena-flint,,Structured Honed,598,1198,,unconfirmed,unknown
1,OPTION-2e8615f3a7bf45,serena-flint,,Structured Honed,1198,1198,,unconfirmed,unknown
1,OPTION-9786c6c7288fe6,serena-flint,,Structured Honed,898,898,,unconfirmed,unknown
1,OPTION-740b4e130a8b07,serena-flint,,Structured Honed,1198,2798,,unconfirmed,unknown
1,OPTION-2acd77a0c0a262,serena-flint,,Structured matt,298,598,,unconfirmed,unknown
1,OPTION-4ca2e87797e167,serena-flint,,Structured matt,598,598,,unconfirmed,unknown
1,OPTION-163648c42be892,serena-flint,,Structured matt,598,1198,,unconfirmed,unknown
1,OPTION-8379bbaff36d84,serena-flint,,Structured matt,1198,1198,,unconfirmed,unknown
1,OPTION-b710ffe2591b7b,serena-flint,,Structured matt,898,898,,unconfirmed,unknown
1,OPTION-eee26635e2554c,serena-flint,,Structured matt,1198,2798,,unconfirmed,unknown
1,OPTION-29e27681763120,serena-flint,,Vintage,298,598,,unconfirmed,unknown
1,OPTION-c605e930b0881f,serena-flint,,Vintage,598,598,,unconfirmed,unknown
1,OPTION-a5057aaf29d784,serena-flint,,Vintage,598,1198,,unconfirmed,unknown
1,OPTION-d3d9a8c9ee8a21,serena-flint,,20mm,600,1200,,unconfirmed,unknown
1,OPTION-3855004f4e3351,serena-flint,,20mm,900,900,,unconfirmed,unknown
1,OPTION-7ffcfc00d1b165,serena-crater,,Structured Honed,298,598,,unconfirmed,unknown
1,OPTION-c14a7b99a8d44d,serena-crater,,Structured Honed,598,598,,unconfirmed,unknown
1,OPTION-2bdcef71d7bd2a,serena-crater,,Structured Honed,598,1198,,unconfirmed,unknown
1,OPTION-2fd044024b55af,serena-crater,,Structured Honed,1198,1198,,unconfirmed,unknown
1,OPTION-10fc149509cda3,serena-crater,,Structured Honed,898,898,,unconfirmed,unknown
1,OPTION-09a5b31e4a26bf,serena-crater,,Structured Honed,1198,2798,,unconfirmed,unknown
1,OPTION-6778773457a51b,serena-crater,,Structured matt,298,598,,unconfirmed,unknown
1,OPTION-2f4dd0c90af366,serena-crater,,Structured matt,598,598,,unconfirmed,unknown
1,OPTION-671bcf1bd9813f,serena-crater,,Structured matt,598,1198,,unconfirmed,unknown
1,OPTION-b4807a6c6ab86a,serena-crater,,Structured matt,1198,1198,,unconfirmed,unknown
1,OPTION-561515c9662159,serena-crater,,Structured matt,898,898,,unconfirmed,unknown
1,OPTION-38f717385ff29c,serena-crater,,Structured matt,1198,2798,,unconfirmed,unknown
1,OPTION-538a00e07fc3bb,serena-crater,,Vintage,298,598,,unconfirmed,unknown
1,OPTION-c2e535c5ea1c00,serena-crater,,Vintage,598,598,,unconfirmed,unknown
1,OPTION-be6aa66c9a6aec,serena-crater,,Vintage,598,1198,,unconfirmed,unknown
1,OPTION-97398552501d30,serena-crater,,20mm,600,1200,,unconfirmed,unknown
1,OPTION-9828e242b5a873,serena-crater,,20mm,900,900,,unconfirmed,unknown
1,OPTION-f41f6fa5f2c94a,serena-shale,,Structured Honed,298,598,,unconfirmed,unknown
1,OPTION-6a60891a7afe5c,serena-shale,,Structured Honed,598,598,,unconfirmed,unknown
1,OPTION-9b22d84a37c60f,serena-shale,,Structured Honed,598,1198,,unconfirmed,unknown
1,OPTION-b8bf9f93bee858,serena-shale,,Structured Honed,1198,1198,,unconfirmed,unknown
1,OPTION-4d478325d1ea96,serena-shale,,Structured Honed,898,898,,unconfirmed,unknown
1,OPTION-8875b9ae6bbcf9,serena-shale,,Structured Honed,1198,2798,,unconfirmed,unknown
1,OPTION-e24315d97ae177,serena-shale,,Structured matt,298,598,,unconfirmed,unknown
1,OPTION-0d926f65ef8949,serena-shale,,Structured matt,598,598,,unconfirmed,unknown
1,OPTION-6cfd9af0c95f5e,serena-shale,,Structured matt,598,1198,,unconfirmed,unknown
1,OPTION-072ed1e660c882,serena-shale,,Structured matt,1198,1198,,unconfirmed,unknown
1,OPTION-997b395cf0f850,serena-shale,,Structured matt,898,898,,unconfirmed,unknown
1,OPTION-359cee2c5b6fba,serena-shale,,Structured matt,1198,2798,,unconfirmed,unknown
1,OPTION-37ef5ec1ffaf66,serena-shale,,Vintage,298,598,,unconfirmed,unknown
1,OPTION-5995c4ecf46442,serena-shale,,Vintage,598,598,,unconfirmed,unknown
1,OPTION-f2d75548db49c3,serena-shale,,Vintage,598,1198,,unconfirmed,unknown
1,OPTION-1037f122e85daa,serena-shale,,20mm,600,1200,,unconfirmed,unknown
1,OPTION-86c397a76f7555,serena-shale,,20mm,900,900,,unconfirmed,unknown
1,OPTION-ea7e23f5afb85a,serena-pewter,,Structured Honed,298,598,,unconfirmed,unknown
1,OPTION-ae025ac616ff39,serena-pewter,,Structured Honed,598,598,,unconfirmed,unknown
1,OPTION-4055b5cb3220a6,serena-pewter,,Structured Honed,598,1198,,unconfirmed,unknown
1,OPTION-ee8900976ebc77,serena-pewter,,Structured Honed,1198,1198,,unconfirmed,unknown
1,OPTION-031fe4e841a45d,serena-pewter,,Structured Honed,898,898,,unconfirmed,unknown
1,OPTION-0fc590e250d1b6,serena-pewter,,Structured Honed,1198,2798,,unconfirmed,unknown
1,OPTION-1a6e9ae4dc8205,serena-pewter,,Structured matt,298,598,,unconfirmed,unknown
1,OPTION-1cf1000ce6f271,serena-pewter,,Structured matt,598,598,,unconfirmed,unknown
1,OPTION-2378699318a96d,serena-pewter,,Structured matt,598,1198,,unconfirmed,unknown
1,OPTION-036afd7085e323,serena-pewter,,Structured matt,1198,1198,,unconfirmed,unknown
1,OPTION-ddf9e2b5e1277e,serena-pewter,,Structured matt,898,898,,unconfirmed,unknown
1,OPTION-75598cbb5c9350,serena-pewter,,Structured matt,1198,2798,,unconfirmed,unknown
1,OPTION-5e5f669bbc5ef6,serena-pewter,,Vintage,298,598,,unconfirmed,unknown
1,OPTION-284649e49da849,serena-pewter,,Vintage,598,598,,unconfirmed,unknown
1,OPTION-b9dab78a26b735,serena-pewter,,Vintage,598,1198,,unconfirmed,unknown
1,OPTION-2778cf763168bd,serena-pewter,,20mm,600,1200,,unconfirmed,unknown
1,OPTION-f0c8d2f3372b7e,serena-pewter,,20mm,900,900,,unconfirmed,unknown
1,OPTION-cac45e3ab242e2,serena-dusk,,Structured Honed,298,598,,unconfirmed,unknown
1,OPTION-83a0e9195779d1,serena-dusk,,Structured Honed,598,598,,unconfirmed,unknown
1,OPTION-aa15fecd464e74,serena-dusk,,Structured Honed,598,1198,,unconfirmed,unknown
1,OPTION-182cb9e9492a96,serena-dusk,,Structured Honed,1198,1198,,unconfirmed,unknown
1,OPTION-a574704a959b61,serena-dusk,,Structured Honed,898,898,,unconfirmed,unknown
1,OPTION-9fc600444e8b32,serena-dusk,,Structured Honed,1198,2798,,unconfirmed,unknown
1,OPTION-28cacd08e0a553,serena-dusk,,Structured matt,298,598,,unconfirmed,unknown
1,OPTION-e5d6c62d0390e6,serena-dusk,,Structured matt,598,598,,unconfirmed,unknown
1,OPTION-9e2b342945b90b,serena-dusk,,Structured matt,598,1198,,unconfirmed,unknown
1,OPTION-606f38e5a0c461,serena-dusk,,Structured matt,1198,1198,,unconfirmed,unknown
1,OPTION-f8c61b7d1542b3,serena-dusk,,Structured matt,898,898,,unconfirmed,unknown
1,OPTION-b8d0905b02b65c,serena-dusk,,Structured matt,1198,2798,,unconfirmed,unknown
1,OPTION-bf74ef5bb713ef,serena-dusk,,Vintage,298,598,,unconfirmed,unknown
1,OPTION-d680cb79d65907,serena-dusk,,Vintage,598,598,,unconfirmed,unknown
1,OPTION-1211639b6191cf,serena-dusk,,Vintage,598,1198,,unconfirmed,unknown
1,OPTION-4ee5298a920602,serena-dusk,,20mm,600,1200,,unconfirmed,unknown
1,OPTION-83188ac970d447,serena-dusk,,20mm,900,900,,unconfirmed,unknown
1,OPTION-f98fcb001980b3,serena-valley,,Structured Honed,298,598,,unconfirmed,unknown
1,OPTION-6da200eda6788f,serena-valley,,Structured Honed,598,598,,unconfirmed,unknown
1,OPTION-1e889252af5184,serena-valley,,Structured Honed,598,1198,,unconfirmed,unknown
1,OPTION-b53c24adc4d399,serena-valley,,Structured Honed,1198,1198,,unconfirmed,unknown
1,OPTION-f8de7c8ccd1c2a,serena-valley,,Structured Honed,898,898,,unconfirmed,unknown
1,OPTION-637f12efaf5723,serena-valley,,Structured Honed,1198,2798,,unconfirmed,unknown
1,OPTION-a2b4d98b628975,serena-valley,,Structured matt,298,598,,unconfirmed,unknown
1,OPTION-047062f43bde19,serena-valley,,Structured matt,598,598,,unconfirmed,unknown
1,OPTION-9f20fcff241515,serena-valley,,Structured matt,598,1198,,unconfirmed,unknown
1,OPTION-1cde26d4e180eb,serena-valley,,Structured matt,1198,1198,,unconfirmed,unknown
1,OPTION-75ed68b43513f2,serena-valley,,Structured matt,898,898,,unconfirmed,unknown
1,OPTION-8e6605a0063cf4,serena-valley,,Structured matt,1198,2798,,unconfirmed,unknown
1,OPTION-7876dc34d74812,serena-valley,,Vintage,298,598,,unconfirmed,unknown
1,OPTION-b0a07c2a52810b,serena-valley,,Vintage,598,598,,unconfirmed,unknown
1,OPTION-09019eecd02903,serena-valley,,Vintage,598,1198,,unconfirmed,unknown
1,OPTION-bd8f49c63fc6d5,serena-valley,,20mm,600,1200,,unconfirmed,unknown
1,OPTION-5d170c7afc6bef,serena-valley,,20mm,900,900,,unconfirmed,unknown
1,OPTION-fcc35731892d0b,lithoform-crosscut-dunes,,Structured Honed,298,598,,unconfirmed,unknown
1,OPTION-fc2586c817ac2e,lithoform-crosscut-dunes,,Structured Honed,598,598,,unconfirmed,unknown
1,OPTION-03cfd38682ecc0,lithoform-crosscut-dunes,,Structured Honed,598,1198,,unconfirmed,unknown
1,OPTION-cf1df63378be69,lithoform-crosscut-dunes,,Structured Honed,1198,1198,,unconfirmed,unknown
1,OPTION-babf35924f4eec,lithoform-crosscut-dunes,,Structured Honed,898,898,,unconfirmed,unknown
1,OPTION-bd2607357a5dab,lithoform-crosscut-dunes,,Structured Honed,1198,2798,,unconfirmed,unknown
1,OPTION-495f065b465e3e,lithoform-crosscut-dunes,,Structured matt,298,598,,unconfirmed,unknown
1,OPTION-59837b016f373f,lithoform-crosscut-dunes,,Structured matt,598,598,,unconfirmed,unknown
1,OPTION-b39dcb4eb7f276,lithoform-crosscut-dunes,,Structured matt,598,1198,,unconfirmed,unknown
1,OPTION-32405d2a8cc821,lithoform-crosscut-dunes,,Structured matt,1198,1198,,unconfirmed,unknown
1,OPTION-951b76a8c72531,lithoform-crosscut-dunes,,Structured matt,898,898,,unconfirmed,unknown
1,OPTION-d1596ee6920608,lithoform-crosscut-dunes,,Structured matt,1198,2798,,unconfirmed,unknown
1,OPTION-e817b012a724ff,lithoform-crosscut-dunes,,Vintage,298,598,,unconfirmed,unknown
1,OPTION-2c2fcea09cf03f,lithoform-crosscut-dunes,,Vintage,598,598,,unconfirmed,unknown
1,OPTION-f5d522d2d6501b,lithoform-crosscut-dunes,,Vintage,598,1198,,unconfirmed,unknown
1,OPTION-a68bed790588bb,lithoform-crosscut-dunes,,20mm,600,1200,,unconfirmed,unknown
1,OPTION-2ae86e99f7ba53,lithoform-crosscut-dunes,,20mm,900,900,,unconfirmed,unknown
1,OPTION-c392ba66ffe0dd,lithoform-crosscut-coast,,Structured Honed,298,598,,unconfirmed,unknown
1,OPTION-0df8744a1bf204,lithoform-crosscut-coast,,Structured Honed,598,598,,unconfirmed,unknown
1,OPTION-6508bd7d74f86f,lithoform-crosscut-coast,,Structured Honed,598,1198,,unconfirmed,unknown
1,OPTION-97aeae8e3870d5,lithoform-crosscut-coast,,Structured Honed,1198,1198,,unconfirmed,unknown
1,OPTION-a9e79d79d393b7,lithoform-crosscut-coast,,Structured Honed,898,898,,unconfirmed,unknown
1,OPTION-93cb68236e8bf2,lithoform-crosscut-coast,,Structured Honed,1198,2798,,unconfirmed,unknown
1,OPTION-b2258a9d1e72b7,lithoform-crosscut-coast,,Structured matt,298,598,,unconfirmed,unknown
1,OPTION-965c7000d92630,lithoform-crosscut-coast,,Structured matt,598,598,,unconfirmed,unknown
1,OPTION-9853898eddf779,lithoform-crosscut-coast,,Structured matt,598,1198,,unconfirmed,unknown
1,OPTION-7930a0876d0508,lithoform-crosscut-coast,,Structured matt,1198,1198,,unconfirmed,unknown
1,OPTION-9a22eda11ecb4c,lithoform-crosscut-coast,,Structured matt,898,898,,unconfirmed,unknown
1,OPTION-5b0ff951768245,lithoform-crosscut-coast,,Structured matt,1198,2798,,unconfirmed,unknown
1,OPTION-c14d150f99d3ed,lithoform-crosscut-coast,,Vintage,298,598,,unconfirmed,unknown
1,OPTION-e3800a93c778c6,lithoform-crosscut-coast,,Vintage,598,598,,unconfirmed,unknown
1,OPTION-b30681172707b4,lithoform-crosscut-coast,,Vintage,598,1198,,unconfirmed,unknown
1,OPTION-713ad41fae9b42,lithoform-crosscut-coast,,20mm,600,1200,,unconfirmed,unknown
1,OPTION-34b8102b7bec5c,lithoform-crosscut-coast,,20mm,900,900,,unconfirmed,unknown
1,OPTION-85ce65bc9f4017,lithoform-crosscut-vista,,Structured Honed,298,598,,unconfirmed,unknown
1,OPTION-45af11f1e68695,lithoform-crosscut-vista,,Structured Honed,598,598,,unconfirmed,unknown
1,OPTION-2aaf857215fbd5,lithoform-crosscut-vista,,Structured Honed,598,1198,,unconfirmed,unknown
1,OPTION-1c930de5dd73bf,lithoform-crosscut-vista,,Structured Honed,1198,1198,,unconfirmed,unknown
1,OPTION-bcab19b1247a84,lithoform-crosscut-vista,,Structured Honed,898,898,,unconfirmed,unknown
1,OPTION-7f9d5f593e1b12,lithoform-crosscut-vista,,Structured Honed,1198,2798,,unconfirmed,unknown
1,OPTION-c181f18441080d,lithoform-crosscut-vista,,Structured matt,298,598,,unconfirmed,unknown
1,OPTION-cf088fc9551b3b,lithoform-crosscut-vista,,Structured matt,598,598,,unconfirmed,unknown
1,OPTION-dc6361724bc27a,lithoform-crosscut-vista,,Structured matt,598,1198,,unconfirmed,unknown
1,OPTION-2f96b7d9ecc7fd,lithoform-crosscut-vista,,Structured matt,1198,1198,,unconfirmed,unknown
1,OPTION-c194c767f6ede5,lithoform-crosscut-vista,,Structured matt,898,898,,unconfirmed,unknown
1,OPTION-a0271748891efa,lithoform-crosscut-vista,,Structured matt,1198,2798,,unconfirmed,unknown
1,OPTION-788361d1c22a04,lithoform-crosscut-vista,,Vintage,298,598,,unconfirmed,unknown
1,OPTION-c8e3baf15659de,lithoform-crosscut-vista,,Vintage,598,598,,unconfirmed,unknown
1,OPTION-006dfee5121380,lithoform-crosscut-vista,,Vintage,598,1198,,unconfirmed,unknown
1,OPTION-85c9c562014129,lithoform-crosscut-vista,,20mm,600,1200,,unconfirmed,unknown
1,OPTION-04238818d943e2,lithoform-crosscut-vista,,20mm,900,900,,unconfirmed,unknown
1,OPTION-932325c80bc3f0,lithoform-crosscut-twilight,,Structured Honed,298,598,,unconfirmed,unknown
1,OPTION-9d1ff604918ecf,lithoform-crosscut-twilight,,Structured Honed,598,598,,unconfirmed,unknown
1,OPTION-dd1fbe537e6b7c,lithoform-crosscut-twilight,,Structured Honed,598,1198,,unconfirmed,unknown
1,OPTION-8f2fa13a405dc4,lithoform-crosscut-twilight,,Structured Honed,1198,1198,,unconfirmed,unknown
1,OPTION-3971809b7a0a11,lithoform-crosscut-twilight,,Structured Honed,898,898,,unconfirmed,unknown
1,OPTION-e464ef5d3603b4,lithoform-crosscut-twilight,,Structured Honed,1198,2798,,unconfirmed,unknown
1,OPTION-be2df8c506fbc0,lithoform-crosscut-twilight,,Structured matt,298,598,,unconfirmed,unknown
1,OPTION-e4a26561acba76,lithoform-crosscut-twilight,,Structured matt,598,598,,unconfirmed,unknown
1,OPTION-48008979315a80,lithoform-crosscut-twilight,,Structured matt,598,1198,,unconfirmed,unknown
1,OPTION-54134a3e46e6b2,lithoform-crosscut-twilight,,Structured matt,1198,1198,,unconfirmed,unknown
1,OPTION-0e5a65a92fe0ef,lithoform-crosscut-twilight,,Structured matt,898,898,,unconfirmed,unknown
1,OPTION-7bb7c76b02a9d1,lithoform-crosscut-twilight,,Structured matt,1198,2798,,unconfirmed,unknown
1,OPTION-5f85db3fcfbcba,lithoform-crosscut-twilight,,Vintage,298,598,,unconfirmed,unknown
1,OPTION-656e7db3390349,lithoform-crosscut-twilight,,Vintage,598,598,,unconfirmed,unknown
1,OPTION-8b57b9377d4c80,lithoform-crosscut-twilight,,Vintage,598,1198,,unconfirmed,unknown
1,OPTION-0787e438916c23,lithoform-crosscut-twilight,,20mm,600,1200,,unconfirmed,unknown
1,OPTION-fa6b6be1c05915,lithoform-crosscut-twilight,,20mm,900,900,,unconfirmed,unknown
1,OPTION-80eb0099eea8d7,lithoform-veincut-dunes,,Structured Honed,298,598,,unconfirmed,unknown
1,OPTION-198cae54212fc1,lithoform-veincut-dunes,,Structured Honed,598,1198,,unconfirmed,unknown
1,OPTION-39e483a71bdbc4,lithoform-veincut-dunes,,Structured Honed,898,1798,,unconfirmed,unknown
1,OPTION-d2be5cf82f92eb,lithoform-veincut-dunes,,Structured Honed,1198,2798,,unconfirmed,unknown
1,OPTION-537531b3447d2c,lithoform-veincut-dunes,,Structured matt,298,598,,unconfirmed,unknown
1,OPTION-72e89197f18001,lithoform-veincut-dunes,,Structured matt,598,1198,,unconfirmed,unknown
1,OPTION-1c0a0f89a8cfc3,lithoform-veincut-dunes,,Structured matt,898,1798,,unconfirmed,unknown
1,OPTION-8fe77b94ff9792,lithoform-veincut-dunes,,Structured matt,1198,2798,,unconfirmed,unknown
1,OPTION-f51b2954336520,lithoform-veincut-dunes,,Vintage,298,598,,unconfirmed,unknown
1,OPTION-e5d93930cfc133,lithoform-veincut-dunes,,Vintage,898,1798,,unconfirmed,unknown
1,OPTION-18d05d7ef449ad,lithoform-veincut-dunes,,Vintage,598,1198,,unconfirmed,unknown
1,OPTION-9b167da48e24d5,lithoform-veincut-dunes,,20mm,600,1200,,unconfirmed,unknown
1,OPTION-5108d8c6752497,lithoform-veincut-coast,,Structured Honed,298,598,,unconfirmed,unknown
1,OPTION-690b314629de79,lithoform-veincut-coast,,Structured Honed,598,1198,,unconfirmed,unknown
1,OPTION-f80e4be3a5e8df,lithoform-veincut-coast,,Structured Honed,898,1798,,unconfirmed,unknown
1,OPTION-3d4b7b98b528c7,lithoform-veincut-coast,,Structured Honed,1198,2798,,unconfirmed,unknown
1,OPTION-66816c25a00f20,lithoform-veincut-coast,,Structured matt,298,598,,unconfirmed,unknown
1,OPTION-ad3028746a58b9,lithoform-veincut-coast,,Structured matt,598,1198,,unconfirmed,unknown
1,OPTION-35ee96d3f47f06,lithoform-veincut-coast,,Structured matt,898,1798,,unconfirmed,unknown
1,OPTION-67f9122d134e66,lithoform-veincut-coast,,Structured matt,1198,2798,,unconfirmed,unknown
1,OPTION-1010f9978fe25a,lithoform-veincut-coast,,Vintage,298,598,,unconfirmed,unknown
1,OPTION-557f94db9f85f2,lithoform-veincut-coast,,Vintage,898,1798,,unconfirmed,unknown
1,OPTION-09f5669905a202,lithoform-veincut-coast,,Vintage,598,1198,,unconfirmed,unknown
1,OPTION-86d2f80b9ed83a,lithoform-veincut-coast,,20mm,600,1200,,unconfirmed,unknown
1,OPTION-4f422274962f2a,lithoform-veincut-vista,,Structured Honed,298,598,,unconfirmed,unknown
1,OPTION-a254d6b5c15c54,lithoform-veincut-vista,,Structured Honed,598,1198,,unconfirmed,unknown
1,OPTION-8b82e83fd8ab2e,lithoform-veincut-vista,,Structured Honed,898,1798,,unconfirmed,unknown
1,OPTION-011b5028b8f179,lithoform-veincut-vista,,Structured Honed,1198,2798,,unconfirmed,unknown
1,OPTION-ed686227a049c4,lithoform-veincut-vista,,Structured matt,298,598,,unconfirmed,unknown
1,OPTION-206fc06326c346,lithoform-veincut-vista,,Structured matt,598,1198,,unconfirmed,unknown
1,OPTION-69f45160a55a72,lithoform-veincut-vista,,Structured matt,898,1798,,unconfirmed,unknown
1,OPTION-7209f3039d6ae3,lithoform-veincut-vista,,Structured matt,1198,2798,,unconfirmed,unknown
1,OPTION-e5604d2c10c3c0,lithoform-veincut-vista,,Vintage,298,598,,unconfirmed,unknown
1,OPTION-bb6894c1a105da,lithoform-veincut-vista,,Vintage,898,1798,,unconfirmed,unknown
1,OPTION-7a4efd78c095c5,lithoform-veincut-vista,,Vintage,598,1198,,unconfirmed,unknown
1,OPTION-e95d9ba39b49f3,lithoform-veincut-vista,,20mm,600,1200,,unconfirmed,unknown
1,OPTION-d8d51858c868fa,lithoform-veincut-twilight,,Structured Honed,298,598,,unconfirmed,unknown
1,OPTION-146013a454d843,lithoform-veincut-twilight,,Structured Honed,598,1198,,unconfirmed,unknown
1,OPTION-c64c7bfe1805e2,lithoform-veincut-twilight,,Structured Honed,898,1798,,unconfirmed,unknown
1,OPTION-94253d286dd076,lithoform-veincut-twilight,,Structured Honed,1198,2798,,unconfirmed,unknown
1,OPTION-2d4b7197c70ebb,lithoform-veincut-twilight,,Structured matt,298,598,,unconfirmed,unknown
1,OPTION-686081a7f682ac,lithoform-veincut-twilight,,Structured matt,598,1198,,unconfirmed,unknown
1,OPTION-07de1595495d4f,lithoform-veincut-twilight,,Structured matt,898,1798,,unconfirmed,unknown
1,OPTION-a8f0461d6b3cd7,lithoform-veincut-twilight,,Structured matt,1198,2798,,unconfirmed,unknown
1,OPTION-948e4f48bca153,lithoform-veincut-twilight,,Vintage,298,598,,unconfirmed,unknown
1,OPTION-15c024625acc92,lithoform-veincut-twilight,,Vintage,898,1798,,unconfirmed,unknown
1,OPTION-3733ae853bd30a,lithoform-veincut-twilight,,Vintage,598,1198,,unconfirmed,unknown
1,OPTION-e3e75f8636ab87,lithoform-veincut-twilight,,20mm,600,1200,,unconfirmed,unknown
1,OPTION-82835bc970b958,monoforma-moonlight,,Unglazed Polished,298,598,,unconfirmed,unknown
1,OPTION-74d35aa23765e5,monoforma-moonlight,,Unglazed Polished,598,598,,unconfirmed,unknown
1,OPTION-8b1dd7b807554a,monoforma-moonlight,,Unglazed Polished,598,1198,,unconfirmed,unknown
1,OPTION-a0354ce47c502c,monoforma-moonlight,,Unglazed Polished,1198,1198,,unconfirmed,unknown
1,OPTION-187786087639a9,monoforma-moonlight,,Unglazed Polished,1198,2798,,unconfirmed,unknown
1,OPTION-467e216c5aab33,monoforma-moonlight,,Honed,298,598,,unconfirmed,unknown
1,OPTION-d019f040d2897b,monoforma-moonlight,,Honed,598,598,,unconfirmed,unknown
1,OPTION-d8b25cbd790eb4,monoforma-moonlight,,Honed,598,1198,,unconfirmed,unknown
1,OPTION-49d8af2eb2785f,monoforma-moonlight,,Honed,1198,1198,,unconfirmed,unknown
1,OPTION-5746ff163668e6,monoforma-moonlight,,Honed,1198,2798,,unconfirmed,unknown
1,OPTION-27c508cb4315aa,monoforma-moonlight,,Silk,298,598,,unconfirmed,unknown
1,OPTION-29c3594425f3ba,monoforma-moonlight,,Silk,598,598,,unconfirmed,unknown
1,OPTION-242c67b930e025,monoforma-moonlight,,Silk,598,1198,,unconfirmed,unknown
1,OPTION-67783a849c2ba3,monoforma-moonlight,,Silk,1198,1198,,unconfirmed,unknown
1,OPTION-e18a92e4c23c89,monoforma-moonlight,,Silk,1198,2798,,unconfirmed,unknown
1,OPTION-994ce47cf32cfc,monoforma-oasis,,Unglazed Polished,298,598,,unconfirmed,unknown
1,OPTION-ab8ad9bc02f04c,monoforma-oasis,,Unglazed Polished,598,598,,unconfirmed,unknown
1,OPTION-ac345665685b42,monoforma-oasis,,Unglazed Polished,598,1198,,unconfirmed,unknown
1,OPTION-e3ed9bf04dccdb,monoforma-oasis,,Unglazed Polished,1198,1198,,unconfirmed,unknown
1,OPTION-28821e484a4336,monoforma-oasis,,Unglazed Polished,1198,2798,,unconfirmed,unknown
1,OPTION-98591ba3fba4d7,monoforma-oasis,,Silk,298,598,,unconfirmed,unknown
1,OPTION-3b60eee9df146b,monoforma-oasis,,Silk,598,598,,unconfirmed,unknown
1,OPTION-08b732845707bc,monoforma-oasis,,Silk,598,1198,,unconfirmed,unknown
1,OPTION-73b5592b9c3958,monoforma-oasis,,Silk,1198,1198,,unconfirmed,unknown
1,OPTION-bd8658d69ecfb7,monoforma-oasis,,Silk,1198,2798,,unconfirmed,unknown
1,OPTION-39d6ddca3a6794,monoforma-storm,,Unglazed Polished,298,598,,unconfirmed,unknown
1,OPTION-d6a39f0a1d8fc3,monoforma-storm,,Unglazed Polished,598,598,,unconfirmed,unknown
1,OPTION-382a998255ce01,monoforma-storm,,Unglazed Polished,598,1198,,unconfirmed,unknown
1,OPTION-a8c941c6e99556,monoforma-storm,,Unglazed Polished,1198,1198,,unconfirmed,unknown
1,OPTION-10c87ba8dc9045,monoforma-storm,,Unglazed Polished,1198,2798,,unconfirmed,unknown
1,OPTION-2723a1a2e725d3,monoforma-storm,,Silk,298,598,,unconfirmed,unknown
1,OPTION-3e4da2229314c7,monoforma-storm,,Silk,598,598,,unconfirmed,unknown
1,OPTION-0b93b0461b9dfe,monoforma-storm,,Silk,598,1198,,unconfirmed,unknown
1,OPTION-4cce1c691e0063,monoforma-storm,,Silk,1198,1198,,unconfirmed,unknown
1,OPTION-d136fcbe25e294,monoforma-storm,,Silk,1198,2798,,unconfirmed,unknown
1,OPTION-6f5a798c747aa5,monoforma-silhouette,,Unglazed Polished,298,598,,unconfirmed,unknown
1,OPTION-cc90e466a7c898,monoforma-silhouette,,Unglazed Polished,598,598,,unconfirmed,unknown
1,OPTION-939a92ee8af188,monoforma-silhouette,,Unglazed Polished,598,1198,,unconfirmed,unknown
1,OPTION-3f48e8e8fd6a3c,monoforma-silhouette,,Unglazed Polished,1198,1198,,unconfirmed,unknown
1,OPTION-81af3dbd3b98d3,monoforma-silhouette,,Unglazed Polished,1198,2798,,unconfirmed,unknown
1,OPTION-ffbaa5251974d6,monoforma-silhouette,,Silk,298,598,,unconfirmed,unknown
1,OPTION-73f1364e62999d,monoforma-silhouette,,Silk,598,598,,unconfirmed,unknown
1,OPTION-a92ffd05f2c47f,monoforma-silhouette,,Silk,598,1198,,unconfirmed,unknown
1,OPTION-3057d5e5078bb6,monoforma-silhouette,,Silk,1198,1198,,unconfirmed,unknown
1,OPTION-df9b53c4b71b2d,monoforma-silhouette,,Silk,1198,2798,,unconfirmed,unknown
1,OPTION-7d33daa9ac805a,architeq-storm,,Structured Honed,598,1198,,unconfirmed,unknown
1,OPTION-8cc6d502e63076,architeq-storm,,Structured matt,298,598,,unconfirmed,unknown
1,OPTION-2707c6310a6c32,architeq-storm,,Structured matt,598,598,,unconfirmed,unknown
1,OPTION-9012e45c40b2ee,architeq-storm,,Structured matt,598,1198,,unconfirmed,unknown
1,OPTION-0036c43da72413,architeq-storm,,Structured matt,75,75,,unconfirmed,unknown
1,OPTION-42ce1a0b060a5e,architeq-moss,,Structured Honed,598,1198,,unconfirmed,unknown
1,OPTION-5d20d6c0166be0,architeq-moss,,Structured matt,298,598,,unconfirmed,unknown
1,OPTION-d294fadc0922f9,architeq-moss,,Structured matt,598,598,,unconfirmed,unknown
1,OPTION-e484c45e76b1b8,architeq-moss,,Structured matt,598,1198,,unconfirmed,unknown
1,OPTION-2debf6edef3665,architeq-moss,,Structured matt,75,75,,unconfirmed,unknown
1,OPTION-6c975c19fed1ad,architeq-cocoa,,Structured Honed,598,1198,,unconfirmed,unknown
1,OPTION-0d08ef53199697,architeq-cocoa,,Structured Honed,1198,1198,,unconfirmed,unknown
1,OPTION-a368fe6a996dad,architeq-cocoa,,Structured matt,298,598,,unconfirmed,unknown
1,OPTION-c381175f5b8c57,architeq-cocoa,,Structured matt,598,598,,unconfirmed,unknown
1,OPTION-55cedc4d250c4a,architeq-cocoa,,Structured matt,598,1198,,unconfirmed,unknown
1,OPTION-29f644f47996c6,architeq-cocoa,,Structured matt,898,898,,unconfirmed,unknown
1,OPTION-5cdd6ef2816601,architeq-cocoa,,Structured matt,1198,1198,,unconfirmed,unknown
1,OPTION-6fe9bf52cb16ee,architeq-cocoa,,Structured matt,75,75,,unconfirmed,unknown
1,OPTION-1380ce74614a4f,architeq-graphite,,Structured Honed,598,1198,,unconfirmed,unknown
1,OPTION-092cd7a39608a5,architeq-graphite,,Structured Honed,1198,1198,,unconfirmed,unknown
1,OPTION-d25ef6f0cfa9be,architeq-graphite,,Structured matt,298,598,,unconfirmed,unknown
1,OPTION-daa8231115095b,architeq-graphite,,Structured matt,598,598,,unconfirmed,unknown
1,OPTION-277eacb0f53502,architeq-graphite,,Structured matt,598,1198,,unconfirmed,unknown
1,OPTION-6d73ade0a40d49,architeq-graphite,,Structured matt,898,898,,unconfirmed,unknown
1,OPTION-4a74134efc47e6,architeq-graphite,,Structured matt,1198,1198,,unconfirmed,unknown
1,OPTION-734f99a04e0320,architeq-graphite,,Structured matt,75,75,,unconfirmed,unknown
1,OPTION-63a3d89fbb6999,architeq-earth,,Structured Honed,598,1198,,unconfirmed,unknown
1,OPTION-878b6491b5bfde,architeq-earth,,Structured Honed,1198,1198,,unconfirmed,unknown
1,OPTION-e1534072ee2c5d,architeq-earth,,Structured Honed,1198,2798,,unconfirmed,unknown
1,OPTION-18cebed2f07bff,architeq-earth,,Structured matt,298,598,,unconfirmed,unknown
1,OPTION-2873a1eec88a35,architeq-earth,,Structured matt,598,598,,unconfirmed,unknown
1,OPTION-2428f274625a48,architeq-earth,,Structured matt,598,1198,,unconfirmed,unknown
1,OPTION-a5f94b0ed05a18,architeq-earth,,Structured matt,898,898,,unconfirmed,unknown
1,OPTION-86f66bed2bb538,architeq-earth,,Structured matt,1198,1198,,unconfirmed,unknown
1,OPTION-d3be22e20437f3,architeq-earth,,Structured matt,75,75,,unconfirmed,unknown
1,OPTION-ed4ee40f178f0b,architeq-clay,,Structured Honed,598,1198,,unconfirmed,unknown
1,OPTION-41d20ce629197a,architeq-clay,,Structured Honed,1198,1198,,unconfirmed,unknown
1,OPTION-b2fd197a9e1ec9,architeq-clay,,Structured Honed,1198,2798,,unconfirmed,unknown
1,OPTION-640189aa53b08e,architeq-clay,,Structured matt,298,598,,unconfirmed,unknown
1,OPTION-8e5195971f0277,architeq-clay,,Structured matt,598,598,,unconfirmed,unknown
1,OPTION-d2755106dfe8ea,architeq-clay,,Structured matt,598,1198,,unconfirmed,unknown
1,OPTION-ddeb64f3d738b3,architeq-clay,,Structured matt,898,898,,unconfirmed,unknown
1,OPTION-f8ac310d7caef1,architeq-clay,,Structured matt,1198,1198,,unconfirmed,unknown
1,OPTION-bcccab005236c6,architeq-clay,,Structured matt,75,75,,unconfirmed,unknown
1,OPTION-cc5ea22669fc1d,architeq-sand,,Structured Honed,598,1198,,unconfirmed,unknown
1,OPTION-a42492de6224ec,architeq-sand,,Structured Honed,1198,1198,,unconfirmed,unknown
1,OPTION-2c5681ab83f45a,architeq-sand,,Structured Honed,1198,2798,,unconfirmed,unknown
1,OPTION-9836423ff4abb6,architeq-sand,,Structured matt,298,598,,unconfirmed,unknown
1,OPTION-da3ffcef8e555e,architeq-sand,,Structured matt,598,598,,unconfirmed,unknown
1,OPTION-b11bc700fe56cb,architeq-sand,,Structured matt,598,1198,,unconfirmed,unknown
1,OPTION-33658e382b0f5b,architeq-sand,,Structured matt,898,898,,unconfirmed,unknown
1,OPTION-6523d367d4da77,architeq-sand,,Structured matt,1198,1198,,unconfirmed,unknown
1,OPTION-47653f9f0a84a2,architeq-sand,,Structured matt,75,75,,unconfirmed,unknown
1,OPTION-350b6e3f093a70,architeq-bone,,Structured Honed,598,1198,,unconfirmed,unknown
1,OPTION-13e2017d8fae48,architeq-bone,,Structured Honed,1198,1198,,unconfirmed,unknown
1,OPTION-79b5409cb6b7ff,architeq-bone,,Structured Honed,1198,2798,,unconfirmed,unknown
1,OPTION-11b4ef953f8e2d,architeq-bone,,Structured matt,298,598,,unconfirmed,unknown
1,OPTION-cc2652ba8d93d3,architeq-bone,,Structured matt,598,598,,unconfirmed,unknown
1,OPTION-6eb3eec0d88223,architeq-bone,,Structured matt,598,1198,,unconfirmed,unknown
1,OPTION-12a8d12b4aeaf6,architeq-bone,,Structured matt,898,898,,unconfirmed,unknown
1,OPTION-392b4e79381c64,architeq-bone,,Structured matt,1198,1198,,unconfirmed,unknown
1,OPTION-350d8ed40e5bc8,architeq-bone,,Structured matt,75,75,,unconfirmed,unknown
1,OPTION-a1119bc78cceab,architeq-mist,,Structured Honed,598,1198,,unconfirmed,unknown
1,OPTION-026c0716aaf7d6,architeq-mist,,Structured Honed,1198,1198,,unconfirmed,unknown
1,OPTION-a1a8713146e46d,architeq-mist,,Structured Honed,1198,2798,,unconfirmed,unknown
1,OPTION-84ecbd9c6d8644,architeq-mist,,Structured matt,298,598,,unconfirmed,unknown
1,OPTION-87d785f4c9eaf9,architeq-mist,,Structured matt,598,598,,unconfirmed,unknown
1,OPTION-c53995370c71f1,architeq-mist,,Structured matt,598,1198,,unconfirmed,unknown
1,OPTION-53b414751e2a1b,architeq-mist,,Structured matt,898,898,,unconfirmed,unknown
1,OPTION-816b6ae1c95f1c,architeq-mist,,Structured matt,1198,1198,,unconfirmed,unknown
1,OPTION-a6a78b2e5f24a1,architeq-mist,,Structured matt,75,75,,unconfirmed,unknown
1,OPTION-6aa335c76f001c,architeq-smoke,,Structured Honed,598,1198,,unconfirmed,unknown
1,OPTION-934128996602b5,architeq-smoke,,Structured Honed,1198,1198,,unconfirmed,unknown
1,OPTION-75c1dc7f60ae7d,architeq-smoke,,Structured Honed,1198,2798,,unconfirmed,unknown
1,OPTION-23a9be3f24d8d7,architeq-smoke,,Structured matt,298,598,,unconfirmed,unknown
1,OPTION-a9d49073f109ae,architeq-smoke,,Structured matt,598,598,,unconfirmed,unknown
1,OPTION-87fd58717d5b50,architeq-smoke,,Structured matt,598,1198,,unconfirmed,unknown
1,OPTION-d88a7793e581b8,architeq-smoke,,Structured matt,898,898,,unconfirmed,unknown
1,OPTION-c9f2bd8fc284bd,architeq-smoke,,Structured matt,1198,1198,,unconfirmed,unknown
1,OPTION-d5a76667caad1f,architeq-smoke,,Structured matt,75,75,,unconfirmed,unknown
1,OPTION-TUSCANO-1200-2800,tuscano-burgundy,,Unconfirmed,1200,2800,,unconfirmed,unknown
1,OPTION-TUSCANO-1600-3200,tuscano-burgundy,,Unconfirmed,1600,3200,,unconfirmed,unknown
