,,MARKETING NAME:,Polished,,Honed,,Satin,,Silk,Organic Matte,,Vintage,Grained,Patinated
Completely Random,Photos,Notes,Polished,Unglazed Polished,Honed,Structured Honed,Satin,Unglazed Satin,Soft Antslip Matt,Structured matt,Structured matt,Structured matt,Structured matt,Structured Brushed
Arabescato Corchia Block 59,,,,,,,,,,2 inch,,,,
Statuario Block 16,,,,,,,,,,2 inch,,,,
Bianco Gioia Block 19,,,,,,,,,,2 inch,,,,
Calacatta Corchia Block 43,,,,,,,,,,2 inch,,,,
Ariel Bianco Block 33,,,,,,,,,,2 inch,,,,
Calacatta Oro Block 12,,,,,,,,,,2 inch,,,,
Calacatta Cremo Block 31,,,,,,,,,,2 inch,,,,
Bianco Stratura Block 18,,,,,,,,,,2 inch,,,,
Gemma Bronze Block 45,,,,,,,,,,,,,,
Calacatta Borghini Block 48,,,,,,,,,,2 inch,,,,
Taj Mahal Block 36,,,,,,,,,,2 inch,,,,
French Vanilla Block 35,,,,,,,,,,2 inch,,,,
Forge Eleganza Block 20,,,,,,,,,,2 inch,,,,
Atlantic Ocean Block 24,,,,,,,,,,2 inch,,,,
Verdi Alpi Block 57,,,,,,,,,,2 inch,,,,
Foresta Block 56,,,,,,,,,,2 inch,,,,
Macchia Vecchia  Block 42,,,,,,,,,,,,,,
Oro Noir Block 25,,,,,,,,,,,,,,
Bianco Dior Block 38,,,,,,,,,,,,,,
Sahara Noir Block 15,,,,,,,,,,2 inch,,,,
Calacatta Noir Block 34,,,,,,,,,,2 inch,,,,
Travertino Classico Block 55,,,,,,,,,,2 inch,,,,
Travertino Titanium Block 39,,,,,,,,,,2 inch,,,,
Crystal Bianco Block 50,,,,,,,,,,2 inch,,,,
Ceppo di Gre Block 71,,,,,,,,,,2 inch,,,,
24,,,,,,,,,,,,,,
Onyx Halo,,,,,,,,,,2 inch,,,,
Onyx Halo Color 2,,,,,,,,,,2 inch,,,,
Onyx Halo Color 3,,,,,,,,,,2 inch,,,,
Onyx Halo Color 4,,,,,,,,,,2 inch,,,,
,,,,,,,,,,,,,,
Serena Flint ,,,,,,,,,,,4 inch,,,
Serena Crater ,,,,,,,,,,,4 inch,,,
	Serena Shale,,,,,,,,,,,4 inch,,,
Serena Pewter,,,,,,,,,,,4 inch,,,
Serena Dusk,,,,,,,,,,,4 inch,,,
Serena Valley,,,,,,,,,,,4 inch,,,
6,,,,,,,,,,,,,,
Lithoform Dunes - Crosscut,,,,,,,,,,,4 inch,,,
Lithoform Coast - Crosscut,,,,,,,,,,,4 inch,,,
Lithoform Vista - Crosscut,,,,,,,,,,,4 inch,,,
Lithoform Twilight - Crosscut,,,,,,,,,,,4 inch,,,
Lithoform Dunes - Veincut,,,,,,,,,,,2 inch,,,
Lithoform Coast - Veincut,,,,,,,,,,,2 inch,,,
Lithoform Vista - Veincut,,,,,,,,,,,2 inch,,,
Lithoform Twilight - Veincut,,,,,,,,,,,2 inch,,,
8,,,,,,,,,,,,,,
Monoforma Moonlight,,,,,,,,,4 inch,,,,,
Monoforma Oasis,,,,,,,,,4 inch,,,,,
Monoforma Storm,,,,,,,,,4 inch,,,,,
Monoforma Silhouette,,,,,,,,,4 inch,,,,,
4,,,,,,,,,,,,,,
52,,,,,,,,,,,,,,
,,,,,,,,,,,,,,
